[{"__type__":"cc.SpriteFrame","content":{"name":"kuang","texture":"8d5jQk4A1J6bGl31WUaWk1","rect":[0,0,623,543],"offset":[0,0],"originalSize":[623,543]}},{"__type__":"cc.SpriteFrame","content":{"name":"home-btn5","texture":"5dSL89GjdEg6Bi4qNMHpt1","rect":[0,0,260,70],"offset":[0,0],"originalSize":[260,70]}},{"__type__":"cc.SpriteFrame","content":{"name":"default_sprite_splash","texture":"02delMVqdBD70a/HSD99FK","rect":[0,0,2,2],"offset":[0,0],"originalSize":[2,2]}},[{"__type__":"cc.Prefab","_name":"uiExit","data":{"__id__":1},"asyncLoadAssets":null},{"__type__":"cc.Node","_name":"uiExit","_children":[{"__id__":2},{"__id__":3},{"__id__":4},{"__id__":6},{"__id__":7}],"_components":[{"__type__":"a7381zzskBJ4bDJQ9ArBMyG","node":{"__id__":1}}],"_prefab":{"__type__":"cc.PrefabInfo","root":{"__id__":1},"asset":{"__uuid__":"bfB9G38GxKPIO7L00sdRMU"},"fileId":"93pKoCB5BJQ7eqIhiNtWJX"}},{"__type__":"cc.Node","_name":"play-bg","_parent":{"__id__":1},"_components":[{"__type__":"cc.Sprite","node":{"__id__":2},"_spriteFrame":{"__uuid__":"a2MjXRFdtLlYQ5ouAFv/+R"},"_sizeMode":0},{"__type__":"cc.Button","node":{"__id__":2},"_N$target":{"__id__":2}}],"_prefab":{"__type__":"cc.PrefabInfo","root":{"__id__":1},"asset":{"__uuid__":"bfB9G38GxKPIO7L00sdRMU"},"fileId":"6c6NzckmdB6oMCEk5SoT7f"},"_opacity":150,"_color":{"__type__":"cc.Color"},"_contentSize":{"__type__":"cc.Size","width":750,"height":1344}},{"__type__":"cc.Node","_name":"cpm-logo","_parent":{"__id__":1},"_components":[{"__type__":"cc.Sprite","node":{"__id__":3},"_spriteFrame":{"__uuid__":"0aPkL23MRIkIx6QXMZt6cy"}}],"_prefab":{"__type__":"cc.PrefabInfo","root":{"__id__":1},"asset":{"__uuid__":"bfB9G38GxKPIO7L00sdRMU"},"fileId":"7encEVyH9HJJn1MYa3Awi7"},"_contentSize":{"__type__":"cc.Size","width":623,"height":543},"_position":{"__type__":"cc.Vec2","y":29}},{"__type__":"cc.Node","_name":"key_sure","_parent":{"__id__":1},"_children":[{"__id__":5}],"_components":[{"__type__":"cc.Sprite","node":{"__id__":4},"_spriteFrame":{"__uuid__":"9dL14loyJETqgbc7RpoO3r"}},{"__type__":"cc.Button","node":{"__id__":4},"transition":1,"_N$target":{"__id__":4}}],"_prefab":{"__type__":"cc.PrefabInfo","root":{"__id__":1},"asset":{"__uuid__":"bfB9G38GxKPIO7L00sdRMU"},"fileId":"d99D0+aDdL5qc3V6u9Vpk7"},"_color":{"__type__":"cc.Color","r":214,"g":214,"b":214},"_contentSize":{"__type__":"cc.Size","width":260,"height":70},"_position":{"__type__":"cc.Vec2","y":-148}},{"__type__":"cc.Node","_name":"label","_parent":{"__id__":4},"_components":[{"__type__":"cc.Label","node":{"__id__":5},"_useOriginalSize":false,"_N$string":"退出","_N$horizontalAlign":1,"_N$verticalAlign":1}],"_prefab":{"__type__":"cc.PrefabInfo","root":{"__id__":1},"asset":{"__uuid__":"bfB9G38GxKPIO7L00sdRMU"},"fileId":"439NQMi71GsaYH66Gfdyop"},"_contentSize":{"__type__":"cc.Size","width":80,"height":40},"_position":{"__type__":"cc.Vec2","y":-2}},{"__type__":"cc.Node","_name":"key_close","_parent":{"__id__":1},"_components":[{"__type__":"cc.Sprite","node":{"__id__":6},"_spriteFrame":{"__uuid__":"d0yFcB1GRHO5L2b6tgg9aG"}},{"__type__":"cc.Button","node":{"__id__":6},"transition":1,"_N$normalColor":{"__type__":"cc.Color","r":255,"g":255,"b":255},"_N$target":{"__id__":6}}],"_prefab":{"__type__":"cc.PrefabInfo","root":{"__id__":1},"asset":{"__uuid__":"bfB9G38GxKPIO7L00sdRMU"},"fileId":"b2lmo/KRRMRZHgoYfxsJ33"},"_contentSize":{"__type__":"cc.Size","width":75,"height":75},"_position":{"__type__":"cc.Vec2","x":287,"y":148}},{"__type__":"cc.Node","_name":"label","_parent":{"__id__":1},"_components":[{"__type__":"cc.Label","node":{"__id__":7},"_useOriginalSize":false,"_N$string":"是否退出游戏？","_N$horizontalAlign":1,"_N$verticalAlign":1}],"_prefab":{"__type__":"cc.PrefabInfo","root":{"__id__":1},"asset":{"__uuid__":"bfB9G38GxKPIO7L00sdRMU"},"fileId":"58ZLNH81pC1JQnqUTtqI3c"},"_color":{"__type__":"cc.Color"},"_contentSize":{"__type__":"cc.Size","width":280,"height":40},"_position":{"__type__":"cc.Vec2","x":6,"y":-19}}],{"__type__":"cc.SpriteFrame","content":{"name":"close","texture":"98lDyJdpVFubg8J6DTKCYx","rect":[0,0,75,75],"offset":[0,0],"originalSize":[75,75]}}]