[{"__type__":"cc.SpriteFrame","content":{"name":"img_06","texture":"23JkXAT75NPplCj9JGMaDB","rect":[0,0,66,69],"offset":[0,0],"originalSize":[66,69]}},{"__type__":"cc.SpriteFrame","content":{"name":"img_39","texture":"d9Sw/vRllMrKRSgagslkj6","rect":[0,0,99,88],"offset":[0,0],"originalSize":[99,88]}},[{"__type__":"cc.Prefab","_name":"bubble_2","data":{"__id__":1},"asyncLoadAssets":null},{"__type__":"cc.Node","_name":"bubble_2","_children":[{"__id__":2}],"_components":[{"__type__":"cc.Sprite","node":{"__id__":1},"_spriteFrame":{"__uuid__":"cadcc4A89KbZTe0Gt/nPHu"}}],"_prefab":{"__type__":"cc.PrefabInfo","root":{"__id__":1},"asset":{"__uuid__":"f1GrwUV4pJfqX24EMAFEal"},"fileId":"c2Q3gobutJI7ylbtA3Vx6H"},"_contentSize":{"__type__":"cc.Size","width":66,"height":69},"_position":{"__type__":"cc.Vec2","x":-119,"y":-48}},{"__type__":"cc.Node","_name":"img_39","_parent":{"__id__":1},"_components":[{"__type__":"cc.Sprite","node":{"__id__":2},"_spriteFrame":{"__uuid__":"d4/GCfS0BMS7nvDbRpzS3v"}}],"_prefab":{"__type__":"cc.PrefabInfo","root":{"__id__":1},"asset":{"__uuid__":"f1GrwUV4pJfqX24EMAFEal"},"fileId":"35Ku/nl0lJ8b7DA8WZoCu1"},"_contentSize":{"__type__":"cc.Size","width":99,"height":88},"_scaleX":-1,"_position":{"__type__":"cc.Vec2","x":-5}}]]