[{"__type__":"cc.SpriteFrame","content":{"name":"vs","texture":"85aDnPX7pB6LkM7n2toeG1","rect":[0,0,84,52],"offset":[0,0],"originalSize":[84,52]}},{"__type__":"cc.SpriteFrame","content":{"name":"play-user1","texture":"c2H/AREwtBM7tGdfsBeVzm","rect":[0,0,187,187],"offset":[0,0],"originalSize":[187,187]}},{"__type__":"cc.SpriteFrame","content":{"name":"cpm-logo","texture":"25MYgUIdtOFoi62fBaQOiL","rect":[0,0,623,543],"offset":[0,0],"originalSize":[623,543]}},{"__type__":"cc.SpriteFrame","content":{"name":"def-use","texture":"2751KuN5BJXItwhf2iwnex","rect":[0,0,131,131],"offset":[0,0],"originalSize":[131,131]}},{"__type__":"cc.SpriteFrame","content":{"name":"home-btn5","texture":"5dSL89GjdEg6Bi4qNMHpt1","rect":[0,0,260,70],"offset":[0,0],"originalSize":[260,70]}},{"__type__":"cc.SpriteFrame","content":{"name":"play-user2","texture":"c65xWbexZGuYzcGzPHU1iN","rect":[0,0,190,190],"offset":[0,0],"originalSize":[190,190]}},[{"__type__":"cc.Prefab","_name":"uiMatching2v2","data":{"__id__":1},"asyncLoadAssets":null},{"__type__":"cc.Node","_name":"uiMatching2v2","_children":[{"__id__":2},{"__id__":3},{"__id__":4},{"__id__":5},{"__id__":10},{"__id__":15},{"__id__":20},{"__id__":25},{"__id__":26}],"_components":[null],"_prefab":{"__type__":"cc.PrefabInfo","root":{"__id__":1},"fileId":"20+v8WCyhForp9UmXiIRtr"}},{"__type__":"cc.Node","_name":"play-bg","_parent":{"__id__":1},"_components":[{"__type__":"cc.Sprite","node":{"__id__":2}}],"_prefab":{"__type__":"cc.PrefabInfo","root":{"__id__":1},"fileId":"delpxRaIlFAIuxZXm/Llzs"},"_contentSize":{"__type__":"cc.Size","width":1334,"height":750}},{"__type__":"cc.Node","_name":"cpm-logo","_parent":{"__id__":1},"_components":[{"__type__":"cc.Sprite","node":{"__id__":3},"_spriteFrame":{"__uuid__":"6ft6jgcoJGjJ1exPzr2pFH"}}],"_prefab":{"__type__":"cc.PrefabInfo","root":{"__id__":1},"fileId":"2bDXdeoE5AUafoDFSzvIfF"},"_contentSize":{"__type__":"cc.Size","width":623,"height":543},"_position":{"__type__":"cc.Vec2","y":29}},{"__type__":"cc.Node","_name":"home-btn5","_parent":{"__id__":1},"_components":[{"__type__":"cc.Sprite","node":{"__id__":4},"_spriteFrame":{"__uuid__":"9dL14loyJETqgbc7RpoO3r"}}],"_prefab":{"__type__":"cc.PrefabInfo","root":{"__id__":1},"fileId":"0dpw/tzYFGYK99uZ3sZEuC"},"_contentSize":{"__type__":"cc.Size","width":260,"height":70},"_position":{"__type__":"cc.Vec2","y":-289}},{"__type__":"cc.Node","_name":"key_playerIcon1","_parent":{"__id__":1},"_children":[{"__id__":6},{"__id__":7}],"_components":[{"__type__":"7c5b0PM5GxL454wtQ2uJEdQ","node":{"__id__":5},"playerSprite":{"__id__":9}}],"_prefab":{"__type__":"cc.PrefabInfo","root":{"__id__":1},"fileId":"45YBj3DctPapxeOJv0C34n"},"_contentSize":{"__type__":"cc.Size","width":100},"_scaleX":0.5,"_scaleY":0.5,"_position":{"__type__":"cc.Vec2","x":-226,"y":-53}},{"__type__":"cc.Node","_name":"play-user2","_parent":{"__id__":5},"_components":[{"__type__":"cc.Sprite","node":{"__id__":6},"_spriteFrame":{"__uuid__":"e8YY3I97JKbboWOiGyDWPg"}}],"_prefab":{"__type__":"cc.PrefabInfo","root":{"__id__":1},"fileId":"ab88WJKltPhKzeG6C6Hzv/"},"_contentSize":{"__type__":"cc.Size","width":190,"height":190},"_position":{"__type__":"cc.Vec2","x":6,"y":9}},{"__type__":"cc.Node","_name":"def-use","_parent":{"__id__":5},"_children":[{"__id__":8}],"_components":[{"__id__":9}],"_prefab":{"__type__":"cc.PrefabInfo","root":{"__id__":1},"fileId":"fe/X5I5aRPH5d3mJ67RF+p"},"_contentSize":{"__type__":"cc.Size","width":170,"height":170},"_position":{"__type__":"cc.Vec2","x":5,"y":9}},{"__type__":"cc.Node","_name":"play-user1","_parent":{"__id__":7},"_components":[{"__type__":"cc.Sprite","node":{"__id__":8},"_spriteFrame":{"__uuid__":"2bktu0pedAur+K4U2LA8v6"}}],"_prefab":{"__type__":"cc.PrefabInfo","root":{"__id__":1},"fileId":"60PtWsl8BCLqFvXeHqf996"},"_contentSize":{"__type__":"cc.Size","width":187,"height":187}},{"__type__":"cc.Sprite","node":{"__id__":7},"_spriteFrame":{"__uuid__":"8budMyT15FULZJN+/X8JP2"},"_sizeMode":0},{"__type__":"cc.Node","_name":"key_playerIcon2","_parent":{"__id__":1},"_children":[{"__id__":11},{"__id__":12}],"_components":[{"__type__":"7c5b0PM5GxL454wtQ2uJEdQ","node":{"__id__":10},"playerSprite":{"__id__":14}}],"_prefab":{"__type__":"cc.PrefabInfo","root":{"__id__":1},"fileId":"f9SvR4XlxJ9Lpsu9j4S+EA"},"_contentSize":{"__type__":"cc.Size","width":100},"_scaleX":0.5,"_scaleY":0.5,"_position":{"__type__":"cc.Vec2","x":-104,"y":-53}},{"__type__":"cc.Node","_name":"play-user2","_parent":{"__id__":10},"_components":[{"__type__":"cc.Sprite","node":{"__id__":11},"_spriteFrame":{"__uuid__":"e8YY3I97JKbboWOiGyDWPg"}}],"_prefab":{"__type__":"cc.PrefabInfo","root":{"__id__":1},"fileId":"e3062CFNhBBZlQfAekBZCK"},"_contentSize":{"__type__":"cc.Size","width":190,"height":190},"_position":{"__type__":"cc.Vec2","x":6,"y":9}},{"__type__":"cc.Node","_name":"def-use","_parent":{"__id__":10},"_children":[{"__id__":13}],"_components":[{"__id__":14}],"_prefab":{"__type__":"cc.PrefabInfo","root":{"__id__":1},"fileId":"68sdXToI1LCYTHrjcFY/HJ"},"_contentSize":{"__type__":"cc.Size","width":170,"height":170},"_position":{"__type__":"cc.Vec2","x":5,"y":9}},{"__type__":"cc.Node","_name":"play-user1","_parent":{"__id__":12},"_components":[{"__type__":"cc.Sprite","node":{"__id__":13},"_spriteFrame":{"__uuid__":"2bktu0pedAur+K4U2LA8v6"}}],"_prefab":{"__type__":"cc.PrefabInfo","root":{"__id__":1},"fileId":"cbmRu8nOdNuqm8OEFMowZP"},"_contentSize":{"__type__":"cc.Size","width":187,"height":187}},{"__type__":"cc.Sprite","node":{"__id__":12},"_spriteFrame":{"__uuid__":"8budMyT15FULZJN+/X8JP2"},"_sizeMode":0},{"__type__":"cc.Node","_name":"key_playerIcon3","_parent":{"__id__":1},"_children":[{"__id__":16},{"__id__":17}],"_components":[{"__type__":"7c5b0PM5GxL454wtQ2uJEdQ","node":{"__id__":15},"playerSprite":{"__id__":19}}],"_prefab":{"__type__":"cc.PrefabInfo","root":{"__id__":1},"fileId":"1cd8RO1s5G9q4GAJAVnFtM"},"_contentSize":{"__type__":"cc.Size","width":100},"_scaleX":0.5,"_scaleY":0.5,"_position":{"__type__":"cc.Vec2","x":106,"y":-53}},{"__type__":"cc.Node","_name":"play-user2","_parent":{"__id__":15},"_components":[{"__type__":"cc.Sprite","node":{"__id__":16},"_spriteFrame":{"__uuid__":"e8YY3I97JKbboWOiGyDWPg"}}],"_prefab":{"__type__":"cc.PrefabInfo","root":{"__id__":1},"fileId":"edY0nz18BO04YljcGKy3VL"},"_contentSize":{"__type__":"cc.Size","width":190,"height":190},"_position":{"__type__":"cc.Vec2","x":6,"y":9}},{"__type__":"cc.Node","_name":"def-use","_parent":{"__id__":15},"_children":[{"__id__":18}],"_components":[{"__id__":19}],"_prefab":{"__type__":"cc.PrefabInfo","root":{"__id__":1},"fileId":"04nNuHZCVIAKec8svHHwKS"},"_contentSize":{"__type__":"cc.Size","width":170,"height":170},"_position":{"__type__":"cc.Vec2","x":5,"y":9}},{"__type__":"cc.Node","_name":"play-user1","_parent":{"__id__":17},"_components":[{"__type__":"cc.Sprite","node":{"__id__":18},"_spriteFrame":{"__uuid__":"2bktu0pedAur+K4U2LA8v6"}}],"_prefab":{"__type__":"cc.PrefabInfo","root":{"__id__":1},"fileId":"c1atHkNVxKIInkRHu5I4r5"},"_contentSize":{"__type__":"cc.Size","width":187,"height":187}},{"__type__":"cc.Sprite","node":{"__id__":17},"_spriteFrame":{"__uuid__":"8budMyT15FULZJN+/X8JP2"},"_sizeMode":0},{"__type__":"cc.Node","_name":"key_playerIcon4","_parent":{"__id__":1},"_children":[{"__id__":21},{"__id__":22}],"_components":[{"__type__":"7c5b0PM5GxL454wtQ2uJEdQ","node":{"__id__":20},"playerSprite":{"__id__":24}}],"_prefab":{"__type__":"cc.PrefabInfo","root":{"__id__":1},"fileId":"0b9jSdf1hOKq8Sb1AhhTi0"},"_contentSize":{"__type__":"cc.Size","width":100},"_scaleX":0.5,"_scaleY":0.5,"_position":{"__type__":"cc.Vec2","x":225,"y":-53}},{"__type__":"cc.Node","_name":"play-user2","_parent":{"__id__":20},"_components":[{"__type__":"cc.Sprite","node":{"__id__":21},"_spriteFrame":{"__uuid__":"e8YY3I97JKbboWOiGyDWPg"}}],"_prefab":{"__type__":"cc.PrefabInfo","root":{"__id__":1},"fileId":"0ffWeKXyVP34olY6SjdZw5"},"_contentSize":{"__type__":"cc.Size","width":190,"height":190},"_position":{"__type__":"cc.Vec2","x":6,"y":9}},{"__type__":"cc.Node","_name":"def-use","_parent":{"__id__":20},"_children":[{"__id__":23}],"_components":[{"__id__":24}],"_prefab":{"__type__":"cc.PrefabInfo","root":{"__id__":1},"fileId":"dbiKyFoNFMYIoCCpkNZUgZ"},"_contentSize":{"__type__":"cc.Size","width":170,"height":170},"_position":{"__type__":"cc.Vec2","x":5,"y":9}},{"__type__":"cc.Node","_name":"play-user1","_parent":{"__id__":22},"_components":[{"__type__":"cc.Sprite","node":{"__id__":23},"_spriteFrame":{"__uuid__":"2bktu0pedAur+K4U2LA8v6"}}],"_prefab":{"__type__":"cc.PrefabInfo","root":{"__id__":1},"fileId":"34aNKkLehLWaf4xeIu6Jxe"},"_contentSize":{"__type__":"cc.Size","width":187,"height":187}},{"__type__":"cc.Sprite","node":{"__id__":22},"_spriteFrame":{"__uuid__":"8budMyT15FULZJN+/X8JP2"},"_sizeMode":0},{"__type__":"cc.Node","_name":"label","_parent":{"__id__":1},"_components":[{"__type__":"cc.Label","node":{"__id__":25},"_useOriginalSize":false,"_N$string":"取消","_N$horizontalAlign":1,"_N$verticalAlign":1}],"_prefab":{"__type__":"cc.PrefabInfo","root":{"__id__":1},"fileId":"f8GDGXNqJDOYGLUS6r+SA3"},"_contentSize":{"__type__":"cc.Size","width":80,"height":40},"_position":{"__type__":"cc.Vec2","y":-291}},{"__type__":"cc.Node","_name":"vs","_parent":{"__id__":1},"_components":[{"__type__":"cc.Sprite","node":{"__id__":26},"_spriteFrame":{"__uuid__":"23yl/e8upPl5m8kfVzurXj"}}],"_prefab":{"__type__":"cc.PrefabInfo","root":{"__id__":1},"fileId":"68C8Up9U9G2Ih5SdJHARPK"},"_contentSize":{"__type__":"cc.Size","width":84,"height":52},"_position":{"__type__":"cc.Vec2","y":-54}}]]