[{"__type__":"cc.SpriteFrame","content":{"name":"default_btn_disabled","texture":"71VhFCTINJM6/Ky3oX9nBT","rect":[0,0,40,40],"offset":[0,0],"originalSize":[40,40],"capInsets":[15,7,15,9]}},{"__type__":"cc.SpriteFrame","content":{"name":"roomnumber-bg","texture":"60KIYGSadHFJtDOSQ7Oe9a","rect":[0,0,600,80],"offset":[0,0],"originalSize":[600,80]}},{"__type__":"cc.SpriteFrame","content":{"name":"bar-user3","texture":"84gqyQNPlJMLi1Npk2h+zf","rect":[0,0,135,135],"offset":[0,0],"originalSize":[135,135]}},{"__type__":"cc.SpriteFrame","content":{"name":"ver-join-bg","texture":"bclPzoc0FIuIncA5JCdXCx","rect":[0,0,750,1334],"offset":[0,0],"originalSize":[750,1334]}},{"__type__":"cc.SpriteFrame","content":{"name":"default_panel","texture":"d8HsitJHxOYqo801xBk8ev","rect":[0,0,20,20],"offset":[0,0],"originalSize":[20,20],"capInsets":[4,3,4,3]}},{"__type__":"cc.SpriteFrame","content":{"name":"home-btn5","texture":"5dSL89GjdEg6Bi4qNMHpt1","rect":[0,0,260,70],"offset":[0,0],"originalSize":[260,70]}},{"__type__":"cc.SpriteFrame","content":{"name":"btn-back","texture":"240MllMA5Pb53Ou3Jt3DLI","rect":[0,0,40,53],"offset":[0,0],"originalSize":[40,53]}},{"__type__":"cc.SpriteFrame","content":{"name":"default_sprite_splash","texture":"02delMVqdBD70a/HSD99FK","rect":[0,0,2,2],"offset":[0,0],"originalSize":[2,2]}},[{"__type__":"cc.Prefab","_name":"uiRoomListVer","data":{"__id__":1}},{"__type__":"cc.Node","_name":"uiRoomListVer","_children":[{"__id__":2},{"__id__":3},{"__id__":4},{"__id__":5},{"__id__":10}],"_components":[{"__type__":"b8d92GHTWtF9b8nT+A88ZLS","node":{"__id__":1}},{"__type__":"cc.Button","node":{"__id__":1},"_N$target":{"__id__":1}}],"_prefab":{"__type__":"cc.PrefabInfo","root":{"__id__":1},"fileId":"a0Mj3DngtPKJRb5pqZKWjB"}},{"__type__":"cc.Node","_name":"ver-join-bg","_parent":{"__id__":1},"_components":[{"__type__":"cc.Sprite","node":{"__id__":2},"_spriteFrame":{"__uuid__":"82/pKOwX5HBZjiwbBPZaaU"}}],"_prefab":{"__type__":"cc.PrefabInfo","root":{"__id__":1},"fileId":"69qmim+51ITJWS6TEeaFWa"},"_contentSize":{"__type__":"cc.Size","width":750,"height":1334}},{"__type__":"cc.Node","_name":"key_quit","_parent":{"__id__":1},"_components":[{"__type__":"cc.Sprite","node":{"__id__":3},"_spriteFrame":{"__uuid__":"a0bJm8FMxGhr4Ba1AUDQh3"},"_type":1,"_sizeMode":2},{"__type__":"cc.Button","node":{"__id__":3},"transition":1,"pressedColor":{"__type__":"cc.Color","r":231,"g":231,"b":231},"_N$normalColor":{"__type__":"cc.Color","r":255,"g":255,"b":255},"_N$disabledColor":{"__type__":"cc.Color","r":255,"g":255,"b":255},"_N$normalSprite":{"__uuid__":"a0bJm8FMxGhr4Ba1AUDQh3"},"_N$pressedSprite":{"__uuid__":"e97GVMl6JHh5Ml5qEDdSGa"},"pressedSprite":{"__uuid__":"e97GVMl6JHh5Ml5qEDdSGa"},"_N$hoverSprite":{"__uuid__":"e97GVMl6JHh5Ml5qEDdSGa"},"hoverSprite":{"__uuid__":"e97GVMl6JHh5Ml5qEDdSGa"},"_N$disabledSprite":{"__uuid__":"29FYIk+N1GYaeWH/q1NxQO"},"_N$target":{"__id__":3}}],"_prefab":{"__type__":"cc.PrefabInfo","root":{"__id__":1},"fileId":"91wTRlDQlNiqe1U389qXTQ"},"_contentSize":{"__type__":"cc.Size","width":40,"height":53},"_position":{"__type__":"cc.Vec2","x":-314,"y":452.9}},{"__type__":"cc.Node","_name":"title","_parent":{"__id__":1},"_components":[{"__type__":"cc.Label","node":{"__id__":4},"_useOriginalSize":false,"_actualFontSize":60,"_fontSize":60,"_lineHeight":60,"_N$string":"加入房间","_N$horizontalAlign":1,"_N$verticalAlign":1}],"_prefab":{"__type__":"cc.PrefabInfo","root":{"__id__":1},"fileId":"4aWYW8P69D57m2tXRRxDTb"},"_color":{"__type__":"cc.Color"},"_contentSize":{"__type__":"cc.Size","width":240,"height":60},"_position":{"__type__":"cc.Vec2","y":452.6}},{"__type__":"cc.Node","_name":"sprite_splash","_parent":{"__id__":1},"_children":[{"__id__":6},{"__id__":8}],"_components":[{"__type__":"cc.Sprite","node":{"__id__":5},"_spriteFrame":{"__uuid__":"a2MjXRFdtLlYQ5ouAFv/+R"},"_sizeMode":0}],"_prefab":{"__type__":"cc.PrefabInfo","root":{"__id__":1},"fileId":"54xI6t8GhCjJEDxcJyu3C7"},"_contentSize":{"__type__":"cc.Size","width":750,"height":300},"_position":{"__type__":"cc.Vec2","x":1,"y":-516}},{"__type__":"cc.Node","_name":"key_search","_parent":{"__id__":5},"_children":[{"__id__":7}],"_components":[{"__type__":"cc.Sprite","node":{"__id__":6},"_spriteFrame":{"__uuid__":"9dL14loyJETqgbc7RpoO3r"}},{"__type__":"cc.Button","node":{"__id__":6},"transition":1,"_N$target":{"__id__":6}}],"_prefab":{"__type__":"cc.PrefabInfo","root":{"__id__":1},"fileId":"ddXNDAKuhGrIIw555PaXhc"},"_color":{"__type__":"cc.Color","r":214,"g":214,"b":214},"_contentSize":{"__type__":"cc.Size","width":260,"height":70},"_position":{"__type__":"cc.Vec2","x":-1,"y":23}},{"__type__":"cc.Node","_name":"label","_parent":{"__id__":6},"_components":[{"__type__":"cc.Label","node":{"__id__":7},"_useOriginalSize":false,"_N$string":"搜索","_N$horizontalAlign":1,"_N$verticalAlign":1}],"_prefab":{"__type__":"cc.PrefabInfo","root":{"__id__":1},"fileId":"8cNbLc1lxMvZKjKRFVL5Kd"},"_contentSize":{"__type__":"cc.Size","width":80,"height":40}},{"__type__":"cc.Node","_name":"roomnumber-bg","_parent":{"__id__":5},"_children":[{"__id__":9}],"_components":[{"__type__":"cc.Sprite","node":{"__id__":8},"_spriteFrame":{"__uuid__":"32v/PwVfZEtIPSU86d+bDH"}}],"_prefab":{"__type__":"cc.PrefabInfo","root":{"__id__":1},"fileId":"9fmQzgSZVBlYIP1NEMaMXk"},"_contentSize":{"__type__":"cc.Size","width":600,"height":80},"_position":{"__type__":"cc.Vec2","x":-1,"y":104}},{"__type__":"cc.Node","_name":"key_editBox","_parent":{"__id__":8},"_components":[{"__type__":"cc.EditBox","node":{"__id__":9},"_useOriginalSize":false,"_N$inputMode":6,"_N$fontSize":40,"_N$fontColor":{"__type__":"cc.Color"},"_N$placeholder":"输入房间号","_N$placeholderFontSize":40}],"_prefab":{"__type__":"cc.PrefabInfo","root":{"__id__":1},"fileId":"6bUEfNwbNCCYG28ETv+Uny"},"_contentSize":{"__type__":"cc.Size","width":492,"height":60}},{"__type__":"cc.Node","_name":"ScrollView","_parent":{"__id__":1},"_children":[{"__id__":11}],"_components":[{"__type__":"cc.Sprite","node":{"__id__":10},"_spriteFrame":{"__uuid__":"9bvaMerUlDyary99mJa6xp"},"_type":1,"_sizeMode":0},{"__type__":"cc.ScrollView","node":{"__id__":10},"content":{"__id__":12},"horizontal":false,"brake":0.75,"bounceDuration":0.30000000000000004,"_N$horizontalScrollBar":null,"_N$verticalScrollBar":null}],"_prefab":{"__type__":"cc.PrefabInfo","root":{"__id__":1},"fileId":"2ddPNAwW9GBZ/onc3jKVK+"},"_color":{"__type__":"cc.Color","r":184,"g":184,"b":184},"_contentSize":{"__type__":"cc.Size","width":600,"height":770},"_position":{"__type__":"cc.Vec2","y":22}},{"__type__":"cc.Node","_name":"view","_parent":{"__id__":10},"_children":[{"__id__":12}],"_components":[{"__type__":"cc.Mask","node":{"__id__":11}}],"_prefab":{"__type__":"cc.PrefabInfo","root":{"__id__":1},"fileId":"49ntDbkp1Iba3KQAKAAzFr"},"_contentSize":{"__type__":"cc.Size","width":600,"height":750}},{"__type__":"cc.Node","_name":"key_content","_parent":{"__id__":11},"_children":[{"__id__":13}],"_components":[{"__type__":"cc.Layout","node":{"__id__":12},"_layoutSize":{"__type__":"cc.Size","width":600,"height":170},"_resize":1,"_N$layoutType":3,"_N$cellSize":{"__type__":"cc.Size","width":130,"height":130},"_N$paddingLeft":20,"_N$paddingRight":20,"_N$paddingTop":20,"_N$paddingBottom":20,"_N$spacingX":80,"_N$spacingY":80}],"_prefab":{"__type__":"cc.PrefabInfo","root":{"__id__":1},"fileId":"beCD4e2R1LfYhTycZdQQZK"},"_anchorPoint":{"__type__":"cc.Vec2","x":0.5,"y":1},"_contentSize":{"__type__":"cc.Size","width":600,"height":170},"_position":{"__type__":"cc.Vec2","y":384}},{"__type__":"cc.Node","_name":"key_roomPrefab","_parent":{"__id__":12},"_children":[{"__id__":14},{"__id__":15},{"__id__":16},{"__id__":18}],"_components":[{"__type__":"c337dIMd/tPPqIUQecSSWLa","node":{"__id__":13},"roomIdLb":{"__id__":17},"roomNameLb":{"__id__":19}},{"__type__":"cc.Button","node":{"__id__":13},"_N$target":{"__id__":13}}],"_prefab":{"__type__":"cc.PrefabInfo","root":{"__id__":1},"fileId":"7eBbUp50VJDLoROmUVmbB7"},"_contentSize":{"__type__":"cc.Size","width":130,"height":130},"_position":{"__type__":"cc.Vec2","x":-215,"y":-85}},{"__type__":"cc.Node","_name":"def-user-squ","_parent":{"__id__":13},"_components":[{"__type__":"cc.Sprite","node":{"__id__":14},"_spriteFrame":{"__uuid__":"c7JMdujyZATq6eMS4QXSpw"}}],"_prefab":{"__type__":"cc.PrefabInfo","root":{"__id__":1},"fileId":"e6l1faIqRIXrSP8u8fGNc2"},"_contentSize":{"__type__":"cc.Size","width":135,"height":135}},{"__type__":"cc.Node","_name":"bar-user3.1","_parent":{"__id__":13},"_components":[{"__type__":"cc.Sprite","node":{"__id__":15},"_spriteFrame":{"__uuid__":"77ToGDCAxGsoLTdZrK3YcD"}}],"_prefab":{"__type__":"cc.PrefabInfo","root":{"__id__":1},"fileId":"0cQE+gZp5N+4jAp3RajH1W"},"_contentSize":{"__type__":"cc.Size","width":135,"height":135}},{"__type__":"cc.Node","_name":"roomId","_parent":{"__id__":13},"_components":[{"__id__":17}],"_prefab":{"__type__":"cc.PrefabInfo","root":{"__id__":1},"fileId":"fcNbOm6+FMaLw0MIOACmA9"},"_color":{"__type__":"cc.Color"},"_contentSize":{"__type__":"cc.Size","width":134,"height":30},"_position":{"__type__":"cc.Vec2","y":-56.3}},{"__type__":"cc.Label","node":{"__id__":16},"_useOriginalSize":false,"_actualFontSize":18,"_fontSize":18,"_lineHeight":30,"_N$string":"1001","_N$horizontalAlign":1,"_N$verticalAlign":1,"_N$overflow":2},{"__type__":"cc.Node","_name":"roomName","_parent":{"__id__":13},"_components":[{"__id__":19}],"_prefab":{"__type__":"cc.PrefabInfo","root":{"__id__":1},"fileId":"1eMNLXdntKKr1GN2IYrWm8"},"_color":{"__type__":"cc.Color"},"_contentSize":{"__type__":"cc.Size","width":134,"height":30},"_position":{"__type__":"cc.Vec2","y":-82.4}},{"__type__":"cc.Label","node":{"__id__":18},"_useOriginalSize":false,"_actualFontSize":20,"_fontSize":20,"_lineHeight":30,"_N$string":"默认","_N$horizontalAlign":1,"_N$verticalAlign":1,"_N$overflow":2}],{"__type__":"cc.SpriteFrame","content":{"name":"room","texture":"28x9hDx+9DFI2qUnQ2sMIE","rect":[0,0,135,135],"offset":[0,0],"originalSize":[135,135]}},{"__type__":"cc.SpriteFrame","content":{"name":"default_btn_pressed","texture":"b4P/PCArtIdIH38t6mlw8Y","rect":[0,0,40,40],"offset":[0,0],"originalSize":[40,40],"capInsets":[11,11,11,7]}}]