[{"__type__":"cc.SpriteFrame","content":{"name":"share-icon2","texture":"2diafQPYhMOIxEItG1Q4dK","rect":[1,7,59,48],"offset":[-0.5,0],"originalSize":[62,62]}},{"__type__":"cc.SpriteFrame","content":{"name":"share-icon1","texture":"3eZFuSB6FN0aZT2FXatvcT","rect":[6,6,50,50],"offset":[0,0],"originalSize":[62,62]}},{"__type__":"cc.SpriteFrame","content":{"name":"dating-btn","texture":"68Swe655VBuqhc99jV69xb","rect":[0,0,524,114],"offset":[0,0],"originalSize":[524,114]}},{"__type__":"cc.SpriteFrame","content":{"name":"default_btn_disabled","texture":"71VhFCTINJM6/Ky3oX9nBT","rect":[0,0,40,40],"offset":[0,0],"originalSize":[40,40],"capInsets":[15,7,15,9]}},{"__type__":"cc.SpriteFrame","content":{"name":"play-user1","texture":"c2H/AREwtBM7tGdfsBeVzm","rect":[0,0,187,187],"offset":[0,0],"originalSize":[187,187]}},{"__type__":"cc.SpriteFrame","content":{"name":"bot-bg","texture":"7fUs+vVAhOeZWIMF7VrInW","rect":[0,0,750,1334],"offset":[0,0],"originalSize":[750,1334]}},{"__type__":"cc.SpriteFrame","content":{"name":"rank-logo","texture":"74tXppjn9Br5d5Yy+qov80","rect":[0,0,107,63],"offset":[0,0],"originalSize":[107,63]}},{"__type__":"cc.SpriteFrame","content":{"name":"share-icon5","texture":"a1H4veKf9O06wuN7lqic2S","rect":[3,4,55,53],"offset":[-0.5,0.5],"originalSize":[62,62]}},{"__type__":"cc.SpriteFrame","content":{"name":"btn-back","texture":"240MllMA5Pb53Ou3Jt3DLI","rect":[0,0,40,53],"offset":[0,0],"originalSize":[40,53]}},{"__type__":"cc.SpriteFrame","content":{"name":"default_sprite_splash","texture":"02delMVqdBD70a/HSD99FK","rect":[0,0,2,2],"offset":[0,0],"originalSize":[2,2]}},{"__type__":"cc.SpriteFrame","content":{"name":"dating-btn3","texture":"afYiEXRjFAIbTsZFvvhzyG","rect":[0,0,200,60],"offset":[0,0],"originalSize":[200,60]}},{"__type__":"cc.SpriteFrame","content":{"name":"share-icon3","texture":"c7d7RpFwdO/62BfuN2CelK","rect":[3,8,56,46],"offset":[0,0],"originalSize":[62,62]}},[{"__type__":"cc.Prefab","_name":"uiLobbyPanelVer","data":{"__id__":1}},{"__type__":"cc.Node","_name":"uiLobbyPanelVer","_children":[{"__id__":2},{"__id__":3},{"__id__":5},{"__id__":7},{"__id__":9},{"__id__":11},{"__id__":13},{"__id__":15},{"__id__":16},{"__id__":18},{"__id__":21}],"_components":[{"__type__":"a5e20CGbKhAx5GXgmsgxPm/","node":{"__id__":1}}],"_prefab":{"__type__":"cc.PrefabInfo","root":{"__id__":1},"asset":{"__uuid__":"ce+4sw5JdFlbAD9M2DvH9d"},"fileId":"38YpGXsbhAn5Pdlwl00XLw"},"_contentSize":{"__type__":"cc.Size","width":750,"height":1334}},{"__type__":"cc.Node","_name":"bot-bg","_parent":{"__id__":1},"_components":[{"__type__":"cc.Sprite","node":{"__id__":2},"_spriteFrame":{"__uuid__":"2ctOeSe9dItqBrPmWIGYd4"}}],"_prefab":{"__type__":"cc.PrefabInfo","root":{"__id__":1},"asset":{"__uuid__":"ce+4sw5JdFlbAD9M2DvH9d"},"fileId":"9dDlmr/jtEtIPZV056cT28"},"_contentSize":{"__type__":"cc.Size","width":750,"height":1334}},{"__type__":"cc.Node","_name":"user","_parent":{"__id__":1},"_children":[{"__id__":4}],"_components":[{"__type__":"cc.Mask","node":{"__id__":3},"_type":1,"_segements":30}],"_prefab":{"__type__":"cc.PrefabInfo","root":{"__id__":1},"asset":{"__uuid__":"ce+4sw5JdFlbAD9M2DvH9d"},"fileId":"30du4ZnbpMrIImG1tGSe3x"},"_contentSize":{"__type__":"cc.Size","width":135,"height":135},"_position":{"__type__":"cc.Vec2","y":234.8}},{"__type__":"cc.Node","_name":"key_userIcon","_parent":{"__id__":3},"_components":[{"__type__":"cc.Sprite","node":{"__id__":4},"_sizeMode":0}],"_prefab":{"__type__":"cc.PrefabInfo","root":{"__id__":1},"asset":{"__uuid__":"ce+4sw5JdFlbAD9M2DvH9d"},"fileId":"9fW6wqIbFBNrVxQA6t0xbQ"},"_contentSize":{"__type__":"cc.Size","width":160,"height":160},"_position":{"__type__":"cc.Vec2","x":0.8,"y":-0.9}},{"__type__":"cc.Node","_name":"key_headIcon","_parent":{"__id__":1},"_children":[{"__id__":6}],"_components":[{"__type__":"cc.Sprite","node":{"__id__":5},"_spriteFrame":{"__uuid__":"e2E4+fKa1JWYWUbpFUUoyY"},"_sizeMode":2,"_isTrimmedMode":false}],"_prefab":{"__type__":"cc.PrefabInfo","root":{"__id__":1},"asset":{"__uuid__":"ce+4sw5JdFlbAD9M2DvH9d"},"fileId":"46JhTkwS5A6bpmVb0UE70D"},"_contentSize":{"__type__":"cc.Size","width":239,"height":268},"_position":{"__type__":"cc.Vec2","y":249}},{"__type__":"cc.Node","_name":"key_name","_parent":{"__id__":5},"_components":[{"__type__":"cc.Label","node":{"__id__":6},"_useOriginalSize":false,"_N$string":"玩家名字","_N$horizontalAlign":1,"_N$verticalAlign":1}],"_prefab":{"__type__":"cc.PrefabInfo","root":{"__id__":1},"asset":{"__uuid__":"ce+4sw5JdFlbAD9M2DvH9d"},"fileId":"30EF09cXZLeY8BPb0pEMNy"},"_color":{"__type__":"cc.Color","r":65,"g":65,"b":65},"_contentSize":{"__type__":"cc.Size","width":160,"height":40},"_position":{"__type__":"cc.Vec2","y":-138}},{"__type__":"cc.Node","_name":"key_randomRoom","_parent":{"__id__":1},"_children":[{"__id__":8}],"_components":[{"__type__":"cc.Sprite","node":{"__id__":7},"_spriteFrame":{"__uuid__":"24bYG6pqNLc5vtx31LQRta"},"_type":1,"_sizeMode":0},{"__type__":"cc.Button","node":{"__id__":7},"transition":1,"pressedColor":{"__type__":"cc.Color","r":221,"g":213,"b":213},"hoverColor":{"__type__":"cc.Color","r":216,"g":210,"b":210},"_N$normalColor":{"__type__":"cc.Color","r":255,"g":255,"b":255},"_N$disabledColor":{"__type__":"cc.Color","r":255,"g":255,"b":255},"_N$normalSprite":{"__uuid__":"24bYG6pqNLc5vtx31LQRta"},"_N$pressedSprite":{"__uuid__":"e97GVMl6JHh5Ml5qEDdSGa"},"pressedSprite":{"__uuid__":"e97GVMl6JHh5Ml5qEDdSGa"},"_N$hoverSprite":{"__uuid__":"e97GVMl6JHh5Ml5qEDdSGa"},"hoverSprite":{"__uuid__":"e97GVMl6JHh5Ml5qEDdSGa"},"_N$disabledSprite":{"__uuid__":"29FYIk+N1GYaeWH/q1NxQO"},"_N$target":{"__id__":7}}],"_prefab":{"__type__":"cc.PrefabInfo","root":{"__id__":1},"asset":{"__uuid__":"ce+4sw5JdFlbAD9M2DvH9d"},"fileId":"08CGace1xJ6aIDdNCTDUwn"},"_contentSize":{"__type__":"cc.Size","width":524,"height":110},"_position":{"__type__":"cc.Vec2","y":-40}},{"__type__":"cc.Node","_name":"Label","_parent":{"__id__":7},"_components":[{"__type__":"cc.Label","node":{"__id__":8},"_useOriginalSize":false,"_actualFontSize":32,"_fontSize":32,"_enableWrapText":false,"_isSystemFontUsed":false,"_N$string":"随机匹配","_N$horizontalAlign":1,"_N$verticalAlign":1,"_N$overflow":1}],"_prefab":{"__type__":"cc.PrefabInfo","root":{"__id__":1},"asset":{"__uuid__":"ce+4sw5JdFlbAD9M2DvH9d"},"fileId":"b7KA7ylsxCJ4JWD2z0YaVc"},"_contentSize":{"__type__":"cc.Size","width":200,"height":80},"_position":{"__type__":"cc.Vec2","x":2,"y":4}},{"__type__":"cc.Node","_name":"key_createRoom","_parent":{"__id__":1},"_children":[{"__id__":10}],"_components":[{"__type__":"cc.Sprite","node":{"__id__":9},"_spriteFrame":{"__uuid__":"ecBrWEi2JG66mHoKnYpVf8"},"_type":1,"_sizeMode":2},{"__type__":"cc.Button","node":{"__id__":9},"transition":1,"pressedColor":{"__type__":"cc.Color","r":224,"g":220,"b":220},"hoverColor":{"__type__":"cc.Color","r":199,"g":193,"b":193},"_N$normalColor":{"__type__":"cc.Color","r":255,"g":255,"b":255},"_N$disabledColor":{"__type__":"cc.Color","r":255,"g":255,"b":255},"_N$normalSprite":{"__uuid__":"ecBrWEi2JG66mHoKnYpVf8"},"_N$pressedSprite":{"__uuid__":"e97GVMl6JHh5Ml5qEDdSGa"},"pressedSprite":{"__uuid__":"e97GVMl6JHh5Ml5qEDdSGa"},"_N$hoverSprite":{"__uuid__":"e97GVMl6JHh5Ml5qEDdSGa"},"hoverSprite":{"__uuid__":"e97GVMl6JHh5Ml5qEDdSGa"},"_N$disabledSprite":{"__uuid__":"29FYIk+N1GYaeWH/q1NxQO"},"_N$target":{"__id__":9}}],"_prefab":{"__type__":"cc.PrefabInfo","root":{"__id__":1},"asset":{"__uuid__":"ce+4sw5JdFlbAD9M2DvH9d"},"fileId":"93G+lb2QZJ5YfYCBXxuIpc"},"_contentSize":{"__type__":"cc.Size","width":264,"height":114},"_position":{"__type__":"cc.Vec2","x":-128,"y":-146}},{"__type__":"cc.Node","_name":"Label","_parent":{"__id__":9},"_components":[{"__type__":"cc.Label","node":{"__id__":10},"_useOriginalSize":false,"_actualFontSize":32,"_fontSize":32,"_enableWrapText":false,"_N$string":"创建房间","_N$horizontalAlign":1,"_N$verticalAlign":1,"_N$overflow":1}],"_prefab":{"__type__":"cc.PrefabInfo","root":{"__id__":1},"asset":{"__uuid__":"ce+4sw5JdFlbAD9M2DvH9d"},"fileId":"72aeRvq99LepFhE0jRyq2c"},"_contentSize":{"__type__":"cc.Size","width":200,"height":80},"_position":{"__type__":"cc.Vec2","x":1.3,"y":-0.5}},{"__type__":"cc.Node","_name":"key_joinRoom","_parent":{"__id__":1},"_children":[{"__id__":12}],"_components":[{"__type__":"cc.Sprite","node":{"__id__":11},"_spriteFrame":{"__uuid__":"ecBrWEi2JG66mHoKnYpVf8"},"_type":1,"_sizeMode":2},{"__type__":"cc.Button","node":{"__id__":11},"transition":1,"pressedColor":{"__type__":"cc.Color","r":214,"g":211,"b":211},"hoverColor":{"__type__":"cc.Color","r":216,"g":211,"b":211},"_N$normalColor":{"__type__":"cc.Color","r":255,"g":255,"b":255},"_N$disabledColor":{"__type__":"cc.Color","r":255,"g":255,"b":255},"_N$normalSprite":{"__uuid__":"ecBrWEi2JG66mHoKnYpVf8"},"_N$pressedSprite":{"__uuid__":"e97GVMl6JHh5Ml5qEDdSGa"},"pressedSprite":{"__uuid__":"e97GVMl6JHh5Ml5qEDdSGa"},"_N$hoverSprite":{"__uuid__":"e97GVMl6JHh5Ml5qEDdSGa"},"hoverSprite":{"__uuid__":"e97GVMl6JHh5Ml5qEDdSGa"},"_N$disabledSprite":{"__uuid__":"29FYIk+N1GYaeWH/q1NxQO"},"_N$target":{"__id__":11}}],"_prefab":{"__type__":"cc.PrefabInfo","root":{"__id__":1},"asset":{"__uuid__":"ce+4sw5JdFlbAD9M2DvH9d"},"fileId":"afXx7bAgtAzqK0VR2QzhLc"},"_contentSize":{"__type__":"cc.Size","width":264,"height":114},"_position":{"__type__":"cc.Vec2","x":130,"y":-146}},{"__type__":"cc.Node","_name":"Label","_parent":{"__id__":11},"_components":[{"__type__":"cc.Label","node":{"__id__":12},"_useOriginalSize":false,"_actualFontSize":32,"_fontSize":32,"_enableWrapText":false,"_N$string":"加入房间","_N$horizontalAlign":1,"_N$verticalAlign":1,"_N$overflow":1}],"_prefab":{"__type__":"cc.PrefabInfo","root":{"__id__":1},"asset":{"__uuid__":"ce+4sw5JdFlbAD9M2DvH9d"},"fileId":"1b4oSXoxxKMpsCuhkPGa/1"},"_contentSize":{"__type__":"cc.Size","width":200,"height":80},"_position":{"__type__":"cc.Vec2","x":-0.1,"y":2}},{"__type__":"cc.Node","_name":"key_inviteFriend","_parent":{"__id__":1},"_children":[{"__id__":14}],"_active":false,"_components":[{"__type__":"cc.Sprite","node":{"__id__":13},"_spriteFrame":{"__uuid__":"c0nJtzSPJNQ4goE1qHRMFq"},"_type":1,"_sizeMode":2},{"__type__":"cc.Button","node":{"__id__":13},"transition":1,"pressedColor":{"__type__":"cc.Color","r":255,"g":255,"b":255},"_N$normalColor":{"__type__":"cc.Color","r":255,"g":255,"b":255},"_N$disabledColor":{"__type__":"cc.Color","r":255,"g":255,"b":255},"_N$normalSprite":{"__uuid__":"c0nJtzSPJNQ4goE1qHRMFq"},"_N$pressedSprite":{"__uuid__":"e97GVMl6JHh5Ml5qEDdSGa"},"pressedSprite":{"__uuid__":"e97GVMl6JHh5Ml5qEDdSGa"},"_N$hoverSprite":{"__uuid__":"e97GVMl6JHh5Ml5qEDdSGa"},"hoverSprite":{"__uuid__":"e97GVMl6JHh5Ml5qEDdSGa"},"_N$disabledSprite":{"__uuid__":"29FYIk+N1GYaeWH/q1NxQO"},"_N$target":{"__id__":13}}],"_prefab":{"__type__":"cc.PrefabInfo","root":{"__id__":1},"asset":{"__uuid__":"ce+4sw5JdFlbAD9M2DvH9d"},"fileId":"92YLYJTFhLO4x9fYvQZGQe"},"_contentSize":{"__type__":"cc.Size","width":200,"height":60},"_position":{"__type__":"cc.Vec2","y":-515}},{"__type__":"cc.Node","_name":"Label","_parent":{"__id__":13},"_components":[{"__type__":"cc.Label","node":{"__id__":14},"_useOriginalSize":false,"_actualFontSize":31,"_fontSize":31,"_enableWrapText":false,"_N$string":"邀请好友","_N$horizontalAlign":1,"_N$verticalAlign":1,"_N$overflow":1}],"_prefab":{"__type__":"cc.PrefabInfo","root":{"__id__":1},"asset":{"__uuid__":"ce+4sw5JdFlbAD9M2DvH9d"},"fileId":"c6yMT/KC9PhK7uw/pnMkIZ"},"_color":{"__type__":"cc.Color"},"_contentSize":{"__type__":"cc.Size","width":200,"height":80},"_position":{"__type__":"cc.Vec2","x":0.8,"y":-1}},{"__type__":"cc.Node","_name":"key_exit","_parent":{"__id__":1},"_components":[{"__type__":"cc.Sprite","node":{"__id__":15},"_spriteFrame":{"__uuid__":"a0bJm8FMxGhr4Ba1AUDQh3"},"_type":1,"_sizeMode":2},{"__type__":"cc.Button","node":{"__id__":15},"transition":1,"pressedColor":{"__type__":"cc.Color","r":206,"g":206,"b":206},"_N$normalColor":{"__type__":"cc.Color","r":255,"g":255,"b":255},"_N$disabledColor":{"__type__":"cc.Color","r":255,"g":255,"b":255},"_N$normalSprite":{"__uuid__":"a0bJm8FMxGhr4Ba1AUDQh3"},"_N$pressedSprite":{"__uuid__":"e97GVMl6JHh5Ml5qEDdSGa"},"pressedSprite":{"__uuid__":"e97GVMl6JHh5Ml5qEDdSGa"},"_N$hoverSprite":{"__uuid__":"e97GVMl6JHh5Ml5qEDdSGa"},"hoverSprite":{"__uuid__":"e97GVMl6JHh5Ml5qEDdSGa"},"_N$disabledSprite":{"__uuid__":"29FYIk+N1GYaeWH/q1NxQO"},"_N$target":{"__id__":15}}],"_prefab":{"__type__":"cc.PrefabInfo","root":{"__id__":1},"asset":{"__uuid__":"ce+4sw5JdFlbAD9M2DvH9d"},"fileId":"f1X7awimFKXJ1h00iaATli"},"_contentSize":{"__type__":"cc.Size","width":40,"height":53},"_position":{"__type__":"cc.Vec2","x":-296,"y":514}},{"__type__":"cc.Node","_name":"key_rank","_parent":{"__id__":1},"_children":[{"__id__":17}],"_components":[{"__type__":"cc.Sprite","node":{"__id__":16},"_spriteFrame":{"__uuid__":"552aQG5lxDD76K35HL4S3l"}},{"__type__":"cc.Button","node":{"__id__":16},"transition":1,"_N$normalColor":{"__type__":"cc.Color","r":255,"g":255,"b":255},"_N$target":{"__id__":16}}],"_prefab":{"__type__":"cc.PrefabInfo","root":{"__id__":1},"asset":{"__uuid__":"ce+4sw5JdFlbAD9M2DvH9d"},"fileId":"95DIjwxB5EWZCUPWpf6wez"},"_contentSize":{"__type__":"cc.Size","width":107,"height":63},"_position":{"__type__":"cc.Vec2","x":273,"y":505}},{"__type__":"cc.Node","_name":"New Label","_parent":{"__id__":16},"_components":[{"__type__":"cc.Label","node":{"__id__":17},"_useOriginalSize":false,"_actualFontSize":28,"_fontSize":28,"_N$string":"排行榜","_N$horizontalAlign":1,"_N$verticalAlign":1}],"_prefab":{"__type__":"cc.PrefabInfo","root":{"__id__":1},"asset":{"__uuid__":"ce+4sw5JdFlbAD9M2DvH9d"},"fileId":"85wgf8mZVNwKGE4joGOCFE"},"_color":{"__type__":"cc.Color","r":102,"g":102,"b":102},"_contentSize":{"__type__":"cc.Size","width":84,"height":40},"_position":{"__type__":"cc.Vec2","y":-57}},{"__type__":"cc.Node","_name":"key_guide","_parent":{"__id__":1},"_children":[{"__id__":19},{"__id__":20}],"_components":[{"__type__":"cc.Sprite","node":{"__id__":18},"_spriteFrame":{"__uuid__":"e8YY3I97JKbboWOiGyDWPg"},"_type":1,"_sizeMode":0},{"__type__":"cc.Button","node":{"__id__":18},"transition":3,"pressedColor":{"__type__":"cc.Color","r":255,"g":255,"b":255},"_N$normalColor":{"__type__":"cc.Color","r":255,"g":255,"b":255},"_N$disabledColor":{"__type__":"cc.Color","r":255,"g":255,"b":255},"_N$normalSprite":{"__uuid__":"e8YY3I97JKbboWOiGyDWPg"},"_N$pressedSprite":{"__uuid__":"e97GVMl6JHh5Ml5qEDdSGa"},"pressedSprite":{"__uuid__":"e97GVMl6JHh5Ml5qEDdSGa"},"_N$hoverSprite":{"__uuid__":"e97GVMl6JHh5Ml5qEDdSGa"},"hoverSprite":{"__uuid__":"e97GVMl6JHh5Ml5qEDdSGa"},"_N$disabledSprite":{"__uuid__":"29FYIk+N1GYaeWH/q1NxQO"},"_N$target":{"__id__":18}}],"_prefab":{"__type__":"cc.PrefabInfo","root":{"__id__":1},"asset":{"__uuid__":"ce+4sw5JdFlbAD9M2DvH9d"},"fileId":"6eZNM6vyRDZ6E2Uogvvm1G"},"_contentSize":{"__type__":"cc.Size","width":190,"height":190},"_scaleX":0.5,"_scaleY":0.5,"_position":{"__type__":"cc.Vec2","x":210,"y":-510}},{"__type__":"cc.Node","_name":"play-user1","_parent":{"__id__":18},"_components":[{"__type__":"cc.Sprite","node":{"__id__":19},"_spriteFrame":{"__uuid__":"2bktu0pedAur+K4U2LA8v6"}}],"_prefab":{"__type__":"cc.PrefabInfo","root":{"__id__":1},"asset":{"__uuid__":"ce+4sw5JdFlbAD9M2DvH9d"},"fileId":"ea7EwaLANAvZFmhUzWco+y"},"_contentSize":{"__type__":"cc.Size","width":187,"height":187}},{"__type__":"cc.Node","_name":"label","_parent":{"__id__":18},"_components":[{"__type__":"cc.Label","node":{"__id__":20},"_useOriginalSize":false,"_N$string":"新手\n教程","_N$horizontalAlign":1,"_N$verticalAlign":1}],"_prefab":{"__type__":"cc.PrefabInfo","root":{"__id__":1},"asset":{"__uuid__":"ce+4sw5JdFlbAD9M2DvH9d"},"fileId":"33TobDtwlDzJVFjUMfG9k2"},"_color":{"__type__":"cc.Color"},"_contentSize":{"__type__":"cc.Size","width":80,"height":80}},{"__type__":"cc.Node","_name":"share","_parent":{"__id__":1},"_children":[{"__id__":22},{"__id__":23},{"__id__":24},{"__id__":25},{"__id__":26},{"__id__":27},{"__id__":28},{"__id__":29},{"__id__":30},{"__id__":31}],"_active":false,"_prefab":{"__type__":"cc.PrefabInfo","root":{"__id__":1},"asset":{"__uuid__":"ce+4sw5JdFlbAD9M2DvH9d"},"fileId":"cdOh3kRl9EvLFCI9NEeHGt"}},{"__type__":"cc.Node","_name":"sprite_splash","_parent":{"__id__":21},"_components":[{"__type__":"cc.Sprite","node":{"__id__":22},"_spriteFrame":{"__uuid__":"a2MjXRFdtLlYQ5ouAFv/+R"},"_sizeMode":0}],"_prefab":{"__type__":"cc.PrefabInfo","root":{"__id__":1},"asset":{"__uuid__":"ce+4sw5JdFlbAD9M2DvH9d"},"fileId":"efl0fxk6NG4IGb8heIKig0"},"_opacity":50,"_color":{"__type__":"cc.Color"},"_contentSize":{"__type__":"cc.Size","width":750,"height":1334},"_position":{"__type__":"cc.Vec2","x":1,"y":4}},{"__type__":"cc.Node","_name":"sprite_splash","_parent":{"__id__":21},"_components":[{"__type__":"cc.Sprite","node":{"__id__":23},"_spriteFrame":{"__uuid__":"a2MjXRFdtLlYQ5ouAFv/+R"},"_sizeMode":0}],"_prefab":{"__type__":"cc.PrefabInfo","root":{"__id__":1},"asset":{"__uuid__":"ce+4sw5JdFlbAD9M2DvH9d"},"fileId":"29o+Dv16NLnaK7eo1BzczN"},"_contentSize":{"__type__":"cc.Size","width":750,"height":400},"_position":{"__type__":"cc.Vec2","y":-471}},{"__type__":"cc.Node","_name":"label","_parent":{"__id__":21},"_components":[{"__type__":"cc.Label","node":{"__id__":24},"_useOriginalSize":false,"_N$string":"分享","_N$horizontalAlign":1,"_N$verticalAlign":1}],"_prefab":{"__type__":"cc.PrefabInfo","root":{"__id__":1},"asset":{"__uuid__":"ce+4sw5JdFlbAD9M2DvH9d"},"fileId":"28KAthvI1LJrq/Ih1JPdZQ"},"_color":{"__type__":"cc.Color","r":254,"g":113,"b":74},"_contentSize":{"__type__":"cc.Size","width":80,"height":40},"_position":{"__type__":"cc.Vec2","x":-305,"y":-320}},{"__type__":"cc.Node","_name":"label","_parent":{"__id__":21},"_components":[{"__type__":"cc.Label","node":{"__id__":25},"_useOriginalSize":false,"_N$string":"取消","_N$horizontalAlign":1,"_N$verticalAlign":1}],"_prefab":{"__type__":"cc.PrefabInfo","root":{"__id__":1},"asset":{"__uuid__":"ce+4sw5JdFlbAD9M2DvH9d"},"fileId":"21K5Sc6/BNl6YbFabJgv8L"},"_color":{"__type__":"cc.Color","r":153,"g":153,"b":153},"_contentSize":{"__type__":"cc.Size","width":80,"height":40},"_position":{"__type__":"cc.Vec2","x":298,"y":-320}},{"__type__":"cc.Node","_name":"sprite_splash","_parent":{"__id__":21},"_components":[{"__type__":"cc.Sprite","node":{"__id__":26},"_spriteFrame":{"__uuid__":"a2MjXRFdtLlYQ5ouAFv/+R"},"_sizeMode":0}],"_prefab":{"__type__":"cc.PrefabInfo","root":{"__id__":1},"asset":{"__uuid__":"ce+4sw5JdFlbAD9M2DvH9d"},"fileId":"69k6vjX81OMqDn3NpV6euo"},"_color":{"__type__":"cc.Color","r":254,"g":113,"b":74},"_contentSize":{"__type__":"cc.Size","width":700,"height":1},"_position":{"__type__":"cc.Vec2","y":-367}},{"__type__":"cc.Node","_name":"share-icon2","_parent":{"__id__":21},"_components":[{"__type__":"cc.Sprite","node":{"__id__":27},"_spriteFrame":{"__uuid__":"04Yl/4YlZI0LAbaf12P+DB"}}],"_prefab":{"__type__":"cc.PrefabInfo","root":{"__id__":1},"asset":{"__uuid__":"ce+4sw5JdFlbAD9M2DvH9d"},"fileId":"b3NVVAChVJFLOHcWdBWosc"},"_contentSize":{"__type__":"cc.Size","width":59,"height":48},"_position":{"__type__":"cc.Vec2","x":-230,"y":-460}},{"__type__":"cc.Node","_name":"share-icon1","_parent":{"__id__":21},"_components":[{"__type__":"cc.Sprite","node":{"__id__":28},"_spriteFrame":{"__uuid__":"1bBWXBdwtCpqww/KB41QsJ"}}],"_prefab":{"__type__":"cc.PrefabInfo","root":{"__id__":1},"asset":{"__uuid__":"ce+4sw5JdFlbAD9M2DvH9d"},"fileId":"7d68e6me5D66Kf98vRZ3lj"},"_contentSize":{"__type__":"cc.Size","width":50,"height":50},"_position":{"__type__":"cc.Vec2","y":-460}},{"__type__":"cc.Node","_name":"share-icon3","_parent":{"__id__":21},"_components":[{"__type__":"cc.Sprite","node":{"__id__":29},"_spriteFrame":{"__uuid__":"c6deNYpH1DtbSgb11U+oQS"}}],"_prefab":{"__type__":"cc.PrefabInfo","root":{"__id__":1},"asset":{"__uuid__":"ce+4sw5JdFlbAD9M2DvH9d"},"fileId":"fbL4311M5HLrWDV80/W40f"},"_contentSize":{"__type__":"cc.Size","width":56,"height":46},"_position":{"__type__":"cc.Vec2","x":230,"y":-460}},{"__type__":"cc.Node","_name":"share-icon5","_parent":{"__id__":21},"_components":[{"__type__":"cc.Sprite","node":{"__id__":30},"_spriteFrame":{"__uuid__":"6agGlqYXlKvopsSe+XVWm+"}}],"_prefab":{"__type__":"cc.PrefabInfo","root":{"__id__":1},"asset":{"__uuid__":"ce+4sw5JdFlbAD9M2DvH9d"},"fileId":"02QqiK4lBMGL2DGi5bTtov"},"_contentSize":{"__type__":"cc.Size","width":55,"height":53},"_position":{"__type__":"cc.Vec2","x":-230,"y":-570}},{"__type__":"cc.Node","_name":"share-icon4","_parent":{"__id__":21},"_components":[{"__type__":"cc.Sprite","node":{"__id__":31},"_spriteFrame":{"__uuid__":"d8NVS2tkVP/IhgnNXl06e5"}}],"_prefab":{"__type__":"cc.PrefabInfo","root":{"__id__":1},"asset":{"__uuid__":"ce+4sw5JdFlbAD9M2DvH9d"},"fileId":"11OVKwRxBDoaaZQkt96l8S"},"_contentSize":{"__type__":"cc.Size","width":46,"height":52},"_position":{"__type__":"cc.Vec2","y":-570}}],{"__type__":"cc.SpriteFrame","content":{"name":"share-icon4","texture":"d6PKpRIOtJsrToR6vDL4LC","rect":[8,5,46,52],"offset":[0,0],"originalSize":[62,62]}},{"__type__":"cc.SpriteFrame","content":{"name":"handcon","texture":"bc5qn68r5EypRXfpzAhOJp","rect":[0,0,239,268],"offset":[0,0],"originalSize":[239,268]}},{"__type__":"cc.SpriteFrame","content":{"name":"play-user2","texture":"c65xWbexZGuYzcGzPHU1iN","rect":[0,0,190,190],"offset":[0,0],"originalSize":[190,190]}},{"__type__":"cc.SpriteFrame","content":{"name":"default_btn_pressed","texture":"b4P/PCArtIdIH38t6mlw8Y","rect":[0,0,40,40],"offset":[0,0],"originalSize":[40,40],"capInsets":[11,11,11,7]}},{"__type__":"cc.SpriteFrame","content":{"name":"dating-btn2","texture":"8ffJIE6JpGI6/NhbDNKv7q","rect":[0,0,264,114],"offset":[0,0],"originalSize":[264,114]}}]