[[{"__type__":"cc.Prefab","_name":"bubble_5","data":{"__id__":1},"asyncLoadAssets":null},{"__type__":"cc.Node","_name":"bubble_5","_children":[{"__id__":2}],"_components":[{"__type__":"cc.Sprite","node":{"__id__":1},"_spriteFrame":{"__uuid__":"a5nCgW5ptEp4/w5vCCr4ie"}}],"_prefab":{"__type__":"cc.PrefabInfo","root":{"__id__":1},"asset":{"__uuid__":"9aw2caUURLUrT3K2R8DGEC"},"fileId":"3fWAfa2e1ChLmUO0SWV8VX"},"_contentSize":{"__type__":"cc.Size","width":82,"height":60},"_position":{"__type__":"cc.Vec2","x":131.3,"y":3.5}},{"__type__":"cc.Node","_name":"img_39","_parent":{"__id__":1},"_components":[{"__type__":"cc.Sprite","node":{"__id__":2},"_spriteFrame":{"__uuid__":"d4/GCfS0BMS7nvDbRpzS3v"}}],"_prefab":{"__type__":"cc.PrefabInfo","root":{"__id__":1},"asset":{"__uuid__":"9aw2caUURLUrT3K2R8DGEC"},"fileId":"e6b2EOigxJSqSTfOueEeKA"},"_contentSize":{"__type__":"cc.Size","width":99,"height":88},"_scaleX":-1,"_position":{"__type__":"cc.Vec2","x":-5}}],{"__type__":"cc.SpriteFrame","content":{"name":"img_41","texture":"deJptpxxhNY5eNbYWerLPC","rect":[0,0,82,60],"offset":[0,0],"originalSize":[82,60]}},{"__type__":"cc.SpriteFrame","content":{"name":"img_39","texture":"d9Sw/vRllMrKRSgagslkj6","rect":[0,0,99,88],"offset":[0,0],"originalSize":[99,88]}}]