[[{"__type__":"cc.Prefab","_name":"block_6","data":{"__id__":1},"asyncLoadAssets":null},{"__type__":"cc.Node","_name":"img_03","_components":[{"__type__":"cc.Sprite","node":{"__id__":1},"_spriteFrame":{"__uuid__":"ea5194xUNAm5SHrujMYeJh"},"_sizeMode":0},{"__type__":"cc.Button","node":{"__id__":1},"_N$target":{"__id__":1}},{"__type__":"8fd5fQJ7V9MaooovKVX5rk8","node":{"__id__":1}}],"_prefab":{"__type__":"cc.PrefabInfo","root":{"__id__":1},"asset":{"__uuid__":"dfNiLRowFPHavN0mfe003A"},"fileId":"14dBfHDUxOA5aWiNPTmPgz"},"_contentSize":{"__type__":"cc.Size","width":75,"height":75},"_position":{"__type__":"cc.Vec2","x":-218,"y":-148}}],{"__type__":"cc.SpriteFrame","content":{"name":"img_03","texture":"ebRjvblAlNmJWUoXYLvafp","rect":[0,0,75,83],"offset":[0,0],"originalSize":[75,83]}}]