[{"__type__":"cc.SpriteFrame","content":{"name":"img_68","texture":"cbLzltwoBG4pRWGs17QAP9","rect":[0,0,153,55],"offset":[0,0],"originalSize":[153,55]}},{"__type__":"cc.SpriteFrame","content":{"name":"img_18","texture":"99XyCGNIdAxYZUhQ83mFN+","rect":[0,0,61,197],"offset":[0,0],"originalSize":[61,197],"capInsets":[0,96,0,96]}},{"__type__":"cc.SpriteFrame","content":{"name":"img_05","texture":"5bCKhGZ41DKo+8PM55v10m","rect":[0,0,89,83],"offset":[0,0],"originalSize":[89,83],"capInsets":[20,20,20,20]}},{"__type__":"cc.SpriteFrame","content":{"name":"number_2","texture":"942Hyp4yFBB5C19Gxf/xPu","rect":[0,0,44,60],"offset":[0,0],"originalSize":[44,60]}},{"__type__":"cc.SpriteFrame","content":{"name":"img_29","texture":"e6GLyanxdNDZAtiC5QUGev","rect":[0,0,75,60],"offset":[0,0],"originalSize":[75,60]}},{"__type__":"cc.SpriteFrame","content":{"name":"img_19","texture":"caRQXBiHdCuJPSGtLRPGb6","rect":[0,0,75,83],"offset":[0,0],"originalSize":[75,83]}},{"__type__":"cc.SpriteFrame","content":{"name":"img_16","texture":"f7EkAS13xMQYumom/FPALz","rect":[0,0,66,69],"offset":[0,0],"originalSize":[66,69]}},[{"__type__":"cc.Prefab","_name":"uiGamePanel","data":{"__id__":1}},{"__type__":"cc.Node","_name":"uiGamePanel","_children":[{"__id__":2},{"__id__":11},{"__id__":32},{"__id__":46},{"__id__":47},{"__id__":60}],"_components":[{"__type__":"c90ffERpYtEm4iOtta637HR","node":{"__id__":1},"bgmAudio":{"__uuid__":"87iagjHWdNBK0EgIt/35Bq"},"startAudio":{"__uuid__":"87zHIjXtFMnLSYRaxUYyKj"},"selfScore":{"__id__":36},"rivalScore":{"__id__":39},"progressBar":{"__id__":27},"numberSpriteFrame":[{"__uuid__":"b3nkHfmThCQLRond4/wiLz"},{"__uuid__":"12u209N+ZII6qndWS6a78w"},{"__uuid__":"49RzHq3sFJnpB75TuhfPGp"}]},{"__type__":"cc.Mask","node":{"__id__":1}}],"_prefab":{"__type__":"cc.PrefabInfo","root":{"__id__":1},"asset":{"__uuid__":"25SyLMH35B7KR+BjYWIgMS"},"fileId":"e0Wp2QsddBO4rEYJkv7uY1"},"_contentSize":{"__type__":"cc.Size","width":720,"height":1280}},{"__type__":"cc.Node","_name":"bg","_parent":{"__id__":1},"_children":[{"__id__":3},{"__id__":4},{"__id__":5},{"__id__":6},{"__id__":7},{"__id__":8},{"__id__":9},{"__id__":10}],"_components":[{"__type__":"cc.Sprite","node":{"__id__":2},"_spriteFrame":{"__uuid__":"e5oSUH7uFBfps0G4o20Rxu"},"_sizeMode":2,"_isTrimmedMode":false},{"__type__":"cc.BlockInputEvents","node":{"__id__":2}}],"_prefab":{"__type__":"cc.PrefabInfo","root":{"__id__":1},"asset":{"__uuid__":"25SyLMH35B7KR+BjYWIgMS"},"fileId":"f2MnTxRURBJonJqJ7jP0JK"},"_contentSize":{"__type__":"cc.Size","width":902,"height":1281}},{"__type__":"cc.Node","_name":"key_tab","_parent":{"__id__":2},"_components":[{"__type__":"cc.Label","node":{"__id__":3},"_useOriginalSize":false,"_N$string":"Round 1/3","_N$horizontalAlign":1,"_N$verticalAlign":1}],"_prefab":{"__type__":"cc.PrefabInfo","root":{"__id__":1},"asset":{"__uuid__":"25SyLMH35B7KR+BjYWIgMS"},"fileId":"e5GthV1JZHIrjMEuBTFgaH"},"_color":{"__type__":"cc.Color","r":115,"g":255,"b":82},"_contentSize":{"__type__":"cc.Size","width":185,"height":40},"_position":{"__type__":"cc.Vec2","y":270}},{"__type__":"cc.Node","_name":"img_30","_parent":{"__id__":2},"_components":[{"__type__":"cc.Sprite","node":{"__id__":4},"_spriteFrame":{"__uuid__":"e8OulEi2ZCZLyNgPCZsDGm"}},{"__type__":"b88a1JpUQxKFoF5rSCimCLd","node":{"__id__":4}}],"_prefab":{"__type__":"cc.PrefabInfo","root":{"__id__":1},"asset":{"__uuid__":"25SyLMH35B7KR+BjYWIgMS"},"fileId":"09fzFjmaRCNYP9G809B9hv"},"_contentSize":{"__type__":"cc.Size","width":198,"height":199},"_position":{"__type__":"cc.Vec2","x":-230,"y":350}},{"__type__":"cc.Node","_name":"img_47","_parent":{"__id__":2},"_components":[{"__type__":"cc.Sprite","node":{"__id__":5},"_spriteFrame":{"__uuid__":"2d03YgKglAB4fuz1MPHZFr"}},{"__type__":"b88a1JpUQxKFoF5rSCimCLd","node":{"__id__":5}}],"_prefab":{"__type__":"cc.PrefabInfo","root":{"__id__":1},"asset":{"__uuid__":"25SyLMH35B7KR+BjYWIgMS"},"fileId":"8cpleI+r1NC7RAp7yq5DgQ"},"_contentSize":{"__type__":"cc.Size","width":206,"height":193},"_position":{"__type__":"cc.Vec2","x":230,"y":350}},{"__type__":"cc.Node","_name":"kuang","_parent":{"__id__":2},"_components":[{"__type__":"cc.Sprite","node":{"__id__":6},"_spriteFrame":{"__uuid__":"0dIz7DVJxDr4R+ltT1+xSQ"},"_type":1,"_sizeMode":0}],"_prefab":{"__type__":"cc.PrefabInfo","root":{"__id__":1},"asset":{"__uuid__":"25SyLMH35B7KR+BjYWIgMS"},"fileId":"19tCYD6xZJQKQmKE/zYH5+"},"_contentSize":{"__type__":"cc.Size","width":700,"height":635},"_position":{"__type__":"cc.Vec2","y":-127}},{"__type__":"cc.Node","_name":"electricLeft","_parent":{"__id__":2},"_components":[{"__type__":"cc.Sprite","node":{"__id__":7},"_spriteFrame":{"__uuid__":"01sKA98HVIhKyQyxMDVPpD"}},{"__type__":"cc.Animation","node":{"__id__":7},"_clips":[{"__uuid__":"e7pWtotwhLQbX6W+RmI5Rp"}]},{"__type__":"7653200bg9A47rd09KwiiAC","node":{"__id__":7},"time":1}],"_prefab":{"__type__":"cc.PrefabInfo","root":{"__id__":1},"asset":{"__uuid__":"25SyLMH35B7KR+BjYWIgMS"},"fileId":"84PInF4qZLFInrnuL0345d"},"_contentSize":{"__type__":"cc.Size","width":153,"height":55},"_position":{"__type__":"cc.Vec2","x":-42,"y":385}},{"__type__":"cc.Node","_name":"electricRight","_parent":{"__id__":2},"_components":[{"__type__":"cc.Sprite","node":{"__id__":8},"_spriteFrame":{"__uuid__":"01sKA98HVIhKyQyxMDVPpD"}},{"__type__":"cc.Animation","node":{"__id__":8},"_clips":[{"__uuid__":"e7pWtotwhLQbX6W+RmI5Rp"}]},{"__type__":"7653200bg9A47rd09KwiiAC","node":{"__id__":8},"time":2}],"_prefab":{"__type__":"cc.PrefabInfo","root":{"__id__":1},"asset":{"__uuid__":"25SyLMH35B7KR+BjYWIgMS"},"fileId":"68Xto7/1ZHpIh0k4x9s+/j"},"_contentSize":{"__type__":"cc.Size","width":153,"height":55},"_position":{"__type__":"cc.Vec2","x":52,"y":385}},{"__type__":"cc.Node","_name":"vs","_parent":{"__id__":2},"_components":[{"__type__":"cc.Sprite","node":{"__id__":9},"_spriteFrame":{"__uuid__":"3cftVZgPlIAq8CU4PIuQ58"}}],"_prefab":{"__type__":"cc.PrefabInfo","root":{"__id__":1},"asset":{"__uuid__":"25SyLMH35B7KR+BjYWIgMS"},"fileId":"7ed2DFz0JAt7hPy1VMBk9L"},"_contentSize":{"__type__":"cc.Size","width":127,"height":167},"_position":{"__type__":"cc.Vec2","y":400}},{"__type__":"cc.Node","_name":"key_countDown","_parent":{"__id__":2},"_components":[{"__type__":"cc.Label","node":{"__id__":10},"_useOriginalSize":false,"_actualFontSize":20,"_fontSize":20,"_lineHeight":30,"_N$string":"剩余时间 60","_N$horizontalAlign":1,"_N$verticalAlign":1}],"_prefab":{"__type__":"cc.PrefabInfo","root":{"__id__":1},"asset":{"__uuid__":"25SyLMH35B7KR+BjYWIgMS"},"fileId":"c5luCk+hxCtaxFKkOQgkuK"},"_contentSize":{"__type__":"cc.Size","width":108,"height":30},"_position":{"__type__":"cc.Vec2","y":210}},{"__type__":"cc.Node","_name":"uiScore","_parent":{"__id__":1},"_children":[{"__id__":12},{"__id__":13},{"__id__":20},{"__id__":27},{"__id__":31}],"_prefab":{"__type__":"cc.PrefabInfo","root":{"__id__":1},"asset":{"__uuid__":"25SyLMH35B7KR+BjYWIgMS"},"fileId":"0fUCVHFV1KJ7l5LfowjaLI"}},{"__type__":"cc.Node","_name":"img_18","_parent":{"__id__":11},"_components":[{"__type__":"cc.Sprite","node":{"__id__":12},"_enabled":false,"_spriteFrame":{"__uuid__":"06tvUawThHYaSPf8zWm2cA"},"_type":1,"_sizeMode":0}],"_prefab":{"__type__":"cc.PrefabInfo","root":{"__id__":1},"asset":{"__uuid__":"25SyLMH35B7KR+BjYWIgMS"},"fileId":"09J/5+/WBBPbET0uw14bI/"},"_contentSize":{"__type__":"cc.Size","width":61,"height":700},"_rotationX":90,"_rotationY":90,"_position":{"__type__":"cc.Vec2","y":532}},{"__type__":"cc.Node","_name":"key_player","_parent":{"__id__":11},"_children":[{"__id__":14},{"__id__":15},{"__id__":17}],"_components":[{"__type__":"38706mPQDBCcq8qjMuqQHVj","node":{"__id__":13},"icon":{"__id__":19},"nameLb":{"__id__":16}}],"_prefab":{"__type__":"cc.PrefabInfo","root":{"__id__":1},"asset":{"__uuid__":"25SyLMH35B7KR+BjYWIgMS"},"fileId":"9avoLAkaxNgKtIBuwXblAy"}},{"__type__":"cc.Node","_name":"shadow","_parent":{"__id__":13},"_components":[{"__type__":"cc.Sprite","node":{"__id__":14},"_spriteFrame":{"__uuid__":"9ddf1BM5hNCaENgP3+VKU6"}}],"_prefab":{"__type__":"cc.PrefabInfo","root":{"__id__":1},"asset":{"__uuid__":"25SyLMH35B7KR+BjYWIgMS"},"fileId":"51sS1kCA9IXYgYHE4B0xuQ"},"_contentSize":{"__type__":"cc.Size","width":98,"height":43},"_position":{"__type__":"cc.Vec2","x":-280,"y":540}},{"__type__":"cc.Node","_name":"self_name","_parent":{"__id__":13},"_components":[{"__id__":16}],"_prefab":{"__type__":"cc.PrefabInfo","root":{"__id__":1},"asset":{"__uuid__":"25SyLMH35B7KR+BjYWIgMS"},"fileId":"40xvoUMnBGSLIsCV9fT9LZ"},"_anchorPoint":{"__type__":"cc.Vec2","y":0.5},"_contentSize":{"__type__":"cc.Size","height":30},"_position":{"__type__":"cc.Vec2","x":-230,"y":600}},{"__type__":"cc.Label","node":{"__id__":15},"_useOriginalSize":false,"_actualFontSize":30,"_fontSize":30,"_lineHeight":30,"_N$string":"","_N$horizontalAlign":1,"_N$verticalAlign":1},{"__type__":"cc.Node","_name":"selfLcon","_parent":{"__id__":13},"_children":[{"__id__":18}],"_components":[{"__type__":"cc.Mask","node":{"__id__":17},"_type":1,"_segements":128}],"_prefab":{"__type__":"cc.PrefabInfo","root":{"__id__":1},"asset":{"__uuid__":"25SyLMH35B7KR+BjYWIgMS"},"fileId":"b0GUMAqQJKloV32KCmrPiO"},"_contentSize":{"__type__":"cc.Size","width":80,"height":80},"_position":{"__type__":"cc.Vec2","x":-280,"y":580}},{"__type__":"cc.Node","_name":"lcon","_parent":{"__id__":17},"_components":[{"__id__":19}],"_prefab":{"__type__":"cc.PrefabInfo","root":{"__id__":1},"asset":{"__uuid__":"25SyLMH35B7KR+BjYWIgMS"},"fileId":"0bDsevzJZPOpt2MibD8/i6"},"_contentSize":{"__type__":"cc.Size","width":85,"height":85}},{"__type__":"cc.Sprite","node":{"__id__":18},"_sizeMode":0},{"__type__":"cc.Node","_name":"key_rival","_parent":{"__id__":11},"_children":[{"__id__":21},{"__id__":22},{"__id__":24}],"_components":[{"__type__":"38706mPQDBCcq8qjMuqQHVj","node":{"__id__":20},"icon":{"__id__":26},"nameLb":{"__id__":23}}],"_prefab":{"__type__":"cc.PrefabInfo","root":{"__id__":1},"asset":{"__uuid__":"25SyLMH35B7KR+BjYWIgMS"},"fileId":"2e2BxWdmdAzarQrT2Sm6pR"}},{"__type__":"cc.Node","_name":"shadow","_parent":{"__id__":20},"_components":[{"__type__":"cc.Sprite","node":{"__id__":21},"_spriteFrame":{"__uuid__":"9ddf1BM5hNCaENgP3+VKU6"}}],"_prefab":{"__type__":"cc.PrefabInfo","root":{"__id__":1},"asset":{"__uuid__":"25SyLMH35B7KR+BjYWIgMS"},"fileId":"58TVZJNtROvq7eboZpAru5"},"_contentSize":{"__type__":"cc.Size","width":98,"height":43},"_position":{"__type__":"cc.Vec2","x":280,"y":540}},{"__type__":"cc.Node","_name":"rival_name","_parent":{"__id__":20},"_components":[{"__id__":23}],"_prefab":{"__type__":"cc.PrefabInfo","root":{"__id__":1},"asset":{"__uuid__":"25SyLMH35B7KR+BjYWIgMS"},"fileId":"0eILy1jclAKLYjK31wB8f4"},"_anchorPoint":{"__type__":"cc.Vec2","x":1,"y":0.5},"_contentSize":{"__type__":"cc.Size","height":30},"_position":{"__type__":"cc.Vec2","x":230,"y":600}},{"__type__":"cc.Label","node":{"__id__":22},"_useOriginalSize":false,"_actualFontSize":30,"_fontSize":30,"_lineHeight":30,"_N$string":"","_N$horizontalAlign":1,"_N$verticalAlign":1},{"__type__":"cc.Node","_name":"rivalLcon","_parent":{"__id__":20},"_children":[{"__id__":25}],"_components":[{"__type__":"cc.Mask","node":{"__id__":24},"_type":1,"_segements":128}],"_prefab":{"__type__":"cc.PrefabInfo","root":{"__id__":1},"asset":{"__uuid__":"25SyLMH35B7KR+BjYWIgMS"},"fileId":"d56ugW0tlDDKqPXJmnlvwS"},"_contentSize":{"__type__":"cc.Size","width":80,"height":80},"_position":{"__type__":"cc.Vec2","x":280,"y":580}},{"__type__":"cc.Node","_name":"lcon","_parent":{"__id__":24},"_components":[{"__id__":26}],"_prefab":{"__type__":"cc.PrefabInfo","root":{"__id__":1},"asset":{"__uuid__":"25SyLMH35B7KR+BjYWIgMS"},"fileId":"d8Lq1617xCbIRAm+ioXtex"},"_contentSize":{"__type__":"cc.Size","width":85,"height":85}},{"__type__":"cc.Sprite","node":{"__id__":25},"_sizeMode":0},{"__type__":"cc.Node","_name":"progressBar","_parent":{"__id__":11},"_children":[{"__id__":28},{"__id__":30}],"_components":[{"__type__":"cc.Sprite","node":{"__id__":27},"_spriteFrame":{"__uuid__":"52Cr/8iFxCvL/P94PiiRMk"},"_type":1,"_sizeMode":0},{"__type__":"cc.ProgressBar","node":{"__id__":27},"_N$totalLength":500,"_N$barSprite":{"__id__":29},"_N$progress":0.5}],"_prefab":{"__type__":"cc.PrefabInfo","root":{"__id__":1},"asset":{"__uuid__":"25SyLMH35B7KR+BjYWIgMS"},"fileId":"7bh5GIQadBOr5ADi0fExp0"},"_contentSize":{"__type__":"cc.Size","width":500,"height":15},"_position":{"__type__":"cc.Vec2","y":530}},{"__type__":"cc.Node","_name":"bar","_parent":{"__id__":27},"_components":[{"__id__":29}],"_prefab":{"__type__":"cc.PrefabInfo","root":{"__id__":1},"asset":{"__uuid__":"25SyLMH35B7KR+BjYWIgMS"},"fileId":"91LIt5KjhHsJXH5Eua5kqo"},"_anchorPoint":{"__type__":"cc.Vec2","y":0.5},"_contentSize":{"__type__":"cc.Size","width":250,"height":15},"_position":{"__type__":"cc.Vec2","x":-250}},{"__type__":"cc.Sprite","node":{"__id__":28},"_spriteFrame":{"__uuid__":"83HAlMiFhHw7TBqq2TuGAN"},"_type":1,"_sizeMode":0},{"__type__":"cc.Node","_name":"light","_parent":{"__id__":27},"_components":[{"__type__":"cc.Sprite","node":{"__id__":30},"_spriteFrame":{"__uuid__":"9aybqHrmhIFIebKXy0XhYx"}}],"_prefab":{"__type__":"cc.PrefabInfo","root":{"__id__":1},"asset":{"__uuid__":"25SyLMH35B7KR+BjYWIgMS"},"fileId":"fe01+549ZGcYcJsMGjJKLH"},"_contentSize":{"__type__":"cc.Size","width":47,"height":31},"_rotationX":90,"_rotationY":90},{"__type__":"cc.Node","_name":"img_01","_parent":{"__id__":11},"_components":[{"__type__":"cc.Sprite","node":{"__id__":31},"_spriteFrame":{"__uuid__":"72g2dvDBZJUaooNrSnhq7f"},"_type":1,"_sizeMode":0}],"_prefab":{"__type__":"cc.PrefabInfo","root":{"__id__":1},"asset":{"__uuid__":"25SyLMH35B7KR+BjYWIgMS"},"fileId":"40txX6U9tGI5Zq8Dk2pXM2"},"_contentSize":{"__type__":"cc.Size","width":514,"height":20},"_position":{"__type__":"cc.Vec2","y":530}},{"__type__":"cc.Node","_name":"managers","_parent":{"__id__":1},"_children":[{"__id__":33},{"__id__":40},{"__id__":41},{"__type__":"cc.Node","_name":"boxManager","_parent":{"__id__":32},"_prefab":{"__type__":"cc.PrefabInfo","root":{"__id__":1},"asset":{"__uuid__":"25SyLMH35B7KR+BjYWIgMS"},"fileId":"c2+QhCcEZNC4B0HIMu4WjK"}},{"__id__":42},{"__id__":43},{"__id__":44},{"__id__":45}],"_prefab":{"__type__":"cc.PrefabInfo","root":{"__id__":1},"asset":{"__uuid__":"25SyLMH35B7KR+BjYWIgMS"},"fileId":"a5RArlA65JDp6KzRi3oCB4"}},{"__type__":"cc.Node","_name":"playerManager","_parent":{"__id__":32},"_children":[{"__id__":34},{"__id__":37}],"_components":[{"__type__":"98205mAT71MRqdnPLQj5llV","node":{"__id__":33},"selfNode":{"__id__":34},"rivalNode":{"__id__":37}}],"_prefab":{"__type__":"cc.PrefabInfo","root":{"__id__":1},"asset":{"__uuid__":"25SyLMH35B7KR+BjYWIgMS"},"fileId":"48/wSOsW9Jm6VUXKwDT1PG"}},{"__type__":"cc.Node","_name":"self","_parent":{"__id__":33},"_children":[{"__id__":35}],"_components":[{"__type__":"9d5f3ZY5/RK/Ii3XDRXaXsO","node":{"__id__":34},"scoreLabel":{"__id__":35}}],"_prefab":{"__type__":"cc.PrefabInfo","root":{"__id__":1},"asset":{"__uuid__":"25SyLMH35B7KR+BjYWIgMS"},"fileId":"74/FfEtDtNSqRgTIVZ8+8L"}},{"__type__":"cc.Node","_name":"score","_parent":{"__id__":34},"_components":[{"__id__":36}],"_prefab":{"__type__":"cc.PrefabInfo","root":{"__id__":1},"asset":{"__uuid__":"25SyLMH35B7KR+BjYWIgMS"},"fileId":"81+WnW0sFAd4Sl0upM4pHS"},"_color":{"__type__":"cc.Color","r":43,"g":230,"b":247},"_contentSize":{"__type__":"cc.Size","width":11,"height":20},"_position":{"__type__":"cc.Vec2","x":-250,"y":505}},{"__type__":"cc.Label","node":{"__id__":35},"_useOriginalSize":false,"_actualFontSize":20,"_fontSize":20,"_lineHeight":20,"_N$string":"0","_N$horizontalAlign":1,"_N$verticalAlign":1},{"__type__":"cc.Node","_name":"rival","_parent":{"__id__":33},"_children":[{"__id__":38}],"_components":[{"__type__":"9d5f3ZY5/RK/Ii3XDRXaXsO","node":{"__id__":37},"scoreLabel":{"__id__":38}}],"_prefab":{"__type__":"cc.PrefabInfo","root":{"__id__":1},"asset":{"__uuid__":"25SyLMH35B7KR+BjYWIgMS"},"fileId":"ddP2/m2MJCv74xdjGwPEgS"}},{"__type__":"cc.Node","_name":"score","_parent":{"__id__":37},"_components":[{"__id__":39}],"_prefab":{"__type__":"cc.PrefabInfo","root":{"__id__":1},"asset":{"__uuid__":"25SyLMH35B7KR+BjYWIgMS"},"fileId":"feLjwjfe5IDroRKaqEk5QJ"},"_color":{"__type__":"cc.Color","r":255},"_contentSize":{"__type__":"cc.Size","width":11,"height":20},"_position":{"__type__":"cc.Vec2","x":250,"y":505}},{"__type__":"cc.Label","node":{"__id__":38},"_useOriginalSize":false,"_actualFontSize":20,"_fontSize":20,"_lineHeight":20,"_N$string":"0","_N$horizontalAlign":1,"_N$verticalAlign":1},{"__type__":"cc.Node","_name":"blockManager","_parent":{"__id__":32},"_components":[{"__type__":"1a84cfNtshMWJNfAFtQpZc2","node":{"__id__":40},"blockPrefab":{"__uuid__":"33UODZSe9P3b+/4UYtP691"},"linkAudio":{"__uuid__":"70/IC48/JH3YMUrLeC9FYT"},"blockSpriteFrame":[{"__uuid__":"ea5194xUNAm5SHrujMYeJh"},{"__uuid__":"d0WRWrp59PcJl+YSqsWZnB"},{"__uuid__":"1ck6BXTUlNiow2OnfIuuK0"},{"__uuid__":"32mTjE4t9CRa8s/YpTO56x"},{"__uuid__":"caf6Yj4XJHJ5nkevcx+pmO"},{"__uuid__":"d9EJuO9EhLb4chMR8IND3t"},{"__uuid__":"96Fgxqko1DcoZd4ZL4jb8+"},{"__uuid__":"98BYJbfqFE26/dAmwvQXYs"},{"__uuid__":"f8Oi0MYtpDdbdqk7zRvZgR"},{"__uuid__":"2cEkI78qVAv6YlzYgPnMf1"}]}],"_prefab":{"__type__":"cc.PrefabInfo","root":{"__id__":1},"asset":{"__uuid__":"25SyLMH35B7KR+BjYWIgMS"},"fileId":"67wC8jOQBCg5deEBUChg4e"},"_position":{"__type__":"cc.Vec2","x":-360,"y":-640}},{"__type__":"cc.Node","_name":"bubbleManager","_parent":{"__id__":32},"_components":[{"__type__":"6bf1eqFJhNCzarf0WEMO0em","node":{"__id__":41},"bubblePrefab":{"__uuid__":"69ppSj5BVKULMxEcaKARIM"},"bubbleClip":{"__uuid__":"5c/B7MP9FIFolfvrK3yMvy"},"bubbleSpriteFrame":[{"__uuid__":"1fq+iWzZlNOreUvWsHwGWG"},{"__uuid__":"cadcc4A89KbZTe0Gt/nPHu"},{"__uuid__":"53myqMuoBCZrAi2+5gjH7/"},{"__uuid__":"6fRcU1bJ5FUJElb+VK6I5U"},{"__uuid__":"a5nCgW5ptEp4/w5vCCr4ie"},{"__uuid__":"194DN+3pdH/Y27cRS+9Mg0"}]}],"_prefab":{"__type__":"cc.PrefabInfo","root":{"__id__":1},"asset":{"__uuid__":"25SyLMH35B7KR+BjYWIgMS"},"fileId":"03eVzmE3ZD9JPV88uOK6DZ"},"_position":{"__type__":"cc.Vec2","y":300}},{"__type__":"cc.Node","_name":"pathManager","_parent":{"__id__":32},"_components":[{"__type__":"85adfHNP99AnowHXOf4M0WT","node":{"__id__":42},"blueHead":{"__uuid__":"5d8+K5QsdJ/bB6xTe47F+r"},"blueCorner":{"__uuid__":"9dstn9m0VFMIS5SvfWjWjU"},"blueStraight":{"__uuid__":"b2dhyLQX9Aj45Xhfg/Mxud"},"redHead":{"__uuid__":"9eDry83YZGIYTLYvLj44KG"},"redCorner":{"__uuid__":"83KZVkdudJr4uqEKD3ACSc"},"redStraight":{"__uuid__":"9arNbo2thJuZHnTvYcn5Hp"}}],"_prefab":{"__type__":"cc.PrefabInfo","root":{"__id__":1},"asset":{"__uuid__":"25SyLMH35B7KR+BjYWIgMS"},"fileId":"32IG57FJBGa6XbxCKjfjy0"},"_position":{"__type__":"cc.Vec2","x":-360,"y":-640}},{"__type__":"cc.Node","_name":"comboManager","_parent":{"__id__":32},"_components":[{"__type__":"4f6c6Tr0QNLfoLB3xhfZaoJ","node":{"__id__":43},"comboPrefab":{"__uuid__":"ffNZiiYpBCeLpjwHA08Viu"}}],"_prefab":{"__type__":"cc.PrefabInfo","root":{"__id__":1},"asset":{"__uuid__":"25SyLMH35B7KR+BjYWIgMS"},"fileId":"a1hRDQRuVJCbS5YEnA5kUE"},"_position":{"__type__":"cc.Vec2","x":-360,"y":-640}},{"__type__":"cc.Node","_name":"clickManager","_parent":{"__id__":32},"_components":[{"__type__":"13875+huS5KNrrGiVKb/PUd","node":{"__id__":44},"choiceBoxPrefab":{"__uuid__":"f1X4fRmsZE+K5PINOUyLRV"}}],"_prefab":{"__type__":"cc.PrefabInfo","root":{"__id__":1},"asset":{"__uuid__":"25SyLMH35B7KR+BjYWIgMS"},"fileId":"39y62LFjxJ/K5vpP9gmoAf"},"_position":{"__type__":"cc.Vec2","x":-360,"y":-640}},{"__type__":"cc.Node","_name":"effectManager","_parent":{"__id__":32},"_components":[{"__type__":"66040mOLoRLbbldOGImhbxt","node":{"__id__":45},"effect":{"__uuid__":"3e72G0NSVIFLeDD+aaB+ik"}}],"_prefab":{"__type__":"cc.PrefabInfo","root":{"__id__":1},"asset":{"__uuid__":"25SyLMH35B7KR+BjYWIgMS"},"fileId":"9dmiFJliZKeIArYNgSdi88"},"_position":{"__type__":"cc.Vec2","x":-360,"y":-640}},{"__type__":"cc.Node","_name":"key_exit","_parent":{"__id__":1},"_components":[{"__type__":"cc.Sprite","node":{"__id__":46},"_spriteFrame":{"__uuid__":"43eSCOm3JM24yH+YS2utpC"}},{"__type__":"cc.Button","node":{"__id__":46},"transition":1,"_N$normalColor":{"__type__":"cc.Color","r":255,"g":255,"b":255},"_N$target":{"__id__":46}}],"_prefab":{"__type__":"cc.PrefabInfo","root":{"__id__":1},"asset":{"__uuid__":"25SyLMH35B7KR+BjYWIgMS"},"fileId":"01a2qT9RBPCpbyYbB+KVBy"},"_contentSize":{"__type__":"cc.Size","width":55,"height":54},"_position":{"__type__":"cc.Vec2","x":-310,"y":235}},{"__type__":"cc.Node","_name":"bubbleButton","_parent":{"__id__":1},"_children":[{"__id__":48},{"__id__":50},{"__id__":52},{"__id__":54},{"__id__":56},{"__id__":58}],"_components":[{"__type__":"cc.Layout","node":{"__id__":47},"_layoutSize":{"__type__":"cc.Size"},"_N$layoutType":1,"_N$paddingLeft":10,"_N$paddingRight":10,"_N$spacingX":10}],"_prefab":{"__type__":"cc.PrefabInfo","root":{"__id__":1},"asset":{"__uuid__":"25SyLMH35B7KR+BjYWIgMS"},"fileId":"3diafvH5hGipcb81fcxWq7"},"_position":{"__type__":"cc.Vec2","x":-150,"y":-550}},{"__type__":"cc.Node","_name":"one","_parent":{"__id__":47},"_children":[{"__id__":49}],"_components":[{"__type__":"cc.Sprite","node":{"__id__":48},"_spriteFrame":{"__uuid__":"c75/ikzDFNGqsLyHrmkm/A"},"_type":1,"_sizeMode":0},{"__type__":"cc.Button","node":{"__id__":48},"transition":3,"pressedColor":{"__type__":"cc.Color","r":255,"g":255,"b":255},"zoomScale":0.8,"clickEvents":[{"__type__":"cc.ClickEvent","target":{"__id__":1},"component":"uiGamePanel","handler":"sendExpressionMsg","customEventData":"one"}],"_N$normalColor":{"__type__":"cc.Color","r":255,"g":255,"b":255},"_N$disabledColor":{"__type__":"cc.Color","r":255,"g":255,"b":255},"_N$normalSprite":{"__uuid__":"c75/ikzDFNGqsLyHrmkm/A"},"_N$pressedSprite":{"__uuid__":"e97GVMl6JHh5Ml5qEDdSGa"},"pressedSprite":{"__uuid__":"e97GVMl6JHh5Ml5qEDdSGa"},"_N$hoverSprite":{"__uuid__":"e97GVMl6JHh5Ml5qEDdSGa"},"hoverSprite":{"__uuid__":"e97GVMl6JHh5Ml5qEDdSGa"},"_N$disabledSprite":{"__uuid__":"29FYIk+N1GYaeWH/q1NxQO"},"_N$target":{"__id__":48}}],"_prefab":{"__type__":"cc.PrefabInfo","root":{"__id__":1},"asset":{"__uuid__":"25SyLMH35B7KR+BjYWIgMS"},"fileId":"cbvTerxX5HxqrUDICV7/xz"},"_contentSize":{"__type__":"cc.Size","width":89,"height":89},"_position":{"__type__":"cc.Vec2","x":-96.5,"y":20}},{"__type__":"cc.Node","_name":"img_16","_parent":{"__id__":48},"_components":[{"__type__":"cc.Sprite","node":{"__id__":49},"_spriteFrame":{"__uuid__":"1fq+iWzZlNOreUvWsHwGWG"}}],"_prefab":{"__type__":"cc.PrefabInfo","root":{"__id__":1},"asset":{"__uuid__":"25SyLMH35B7KR+BjYWIgMS"},"fileId":"c3oXjsawdPc6BT1LJZrYnB"},"_contentSize":{"__type__":"cc.Size","width":66,"height":69}},{"__type__":"cc.Node","_name":"two","_parent":{"__id__":47},"_children":[{"__id__":51}],"_components":[{"__type__":"cc.Sprite","node":{"__id__":50},"_spriteFrame":{"__uuid__":"c75/ikzDFNGqsLyHrmkm/A"},"_type":1,"_sizeMode":0},{"__type__":"cc.Button","node":{"__id__":50},"transition":3,"pressedColor":{"__type__":"cc.Color","r":255,"g":255,"b":255},"zoomScale":0.8,"clickEvents":[{"__type__":"cc.ClickEvent","target":{"__id__":1},"component":"uiGamePanel","handler":"sendExpressionMsg","customEventData":"two"}],"_N$normalColor":{"__type__":"cc.Color","r":255,"g":255,"b":255},"_N$disabledColor":{"__type__":"cc.Color","r":255,"g":255,"b":255},"_N$normalSprite":{"__uuid__":"c75/ikzDFNGqsLyHrmkm/A"},"_N$pressedSprite":{"__uuid__":"e97GVMl6JHh5Ml5qEDdSGa"},"pressedSprite":{"__uuid__":"e97GVMl6JHh5Ml5qEDdSGa"},"_N$hoverSprite":{"__uuid__":"e97GVMl6JHh5Ml5qEDdSGa"},"hoverSprite":{"__uuid__":"e97GVMl6JHh5Ml5qEDdSGa"},"_N$disabledSprite":{"__uuid__":"29FYIk+N1GYaeWH/q1NxQO"},"_N$target":{"__id__":50}}],"_prefab":{"__type__":"cc.PrefabInfo","root":{"__id__":1},"asset":{"__uuid__":"25SyLMH35B7KR+BjYWIgMS"},"fileId":"d25j7b1RBFzJbUIcu9hSPQ"},"_contentSize":{"__type__":"cc.Size","width":89,"height":89},"_position":{"__type__":"cc.Vec2","x":3.5,"y":20}},{"__type__":"cc.Node","_name":"img_06","_parent":{"__id__":50},"_components":[{"__type__":"cc.Sprite","node":{"__id__":51},"_spriteFrame":{"__uuid__":"cadcc4A89KbZTe0Gt/nPHu"}}],"_prefab":{"__type__":"cc.PrefabInfo","root":{"__id__":1},"asset":{"__uuid__":"25SyLMH35B7KR+BjYWIgMS"},"fileId":"0dk3WMl8xAmqV5VmJidnah"},"_contentSize":{"__type__":"cc.Size","width":66,"height":69}},{"__type__":"cc.Node","_name":"three","_parent":{"__id__":47},"_children":[{"__id__":53}],"_components":[{"__type__":"cc.Sprite","node":{"__id__":52},"_spriteFrame":{"__uuid__":"c75/ikzDFNGqsLyHrmkm/A"},"_type":1,"_sizeMode":0},{"__type__":"cc.Button","node":{"__id__":52},"transition":3,"pressedColor":{"__type__":"cc.Color","r":255,"g":255,"b":255},"zoomScale":0.8,"clickEvents":[{"__type__":"cc.ClickEvent","target":{"__id__":1},"component":"uiGamePanel","handler":"sendExpressionMsg","customEventData":"three"}],"_N$normalColor":{"__type__":"cc.Color","r":255,"g":255,"b":255},"_N$disabledColor":{"__type__":"cc.Color","r":255,"g":255,"b":255},"_N$normalSprite":{"__uuid__":"c75/ikzDFNGqsLyHrmkm/A"},"_N$pressedSprite":{"__uuid__":"e97GVMl6JHh5Ml5qEDdSGa"},"pressedSprite":{"__uuid__":"e97GVMl6JHh5Ml5qEDdSGa"},"_N$hoverSprite":{"__uuid__":"e97GVMl6JHh5Ml5qEDdSGa"},"hoverSprite":{"__uuid__":"e97GVMl6JHh5Ml5qEDdSGa"},"_N$disabledSprite":{"__uuid__":"29FYIk+N1GYaeWH/q1NxQO"},"_N$target":{"__id__":52}}],"_prefab":{"__type__":"cc.PrefabInfo","root":{"__id__":1},"asset":{"__uuid__":"25SyLMH35B7KR+BjYWIgMS"},"fileId":"158M9WfTNPQqOuq4gUb5Ms"},"_contentSize":{"__type__":"cc.Size","width":89,"height":89},"_position":{"__type__":"cc.Vec2","x":102.5,"y":20}},{"__type__":"cc.Node","_name":"img_37","_parent":{"__id__":52},"_components":[{"__type__":"cc.Sprite","node":{"__id__":53},"_spriteFrame":{"__uuid__":"53myqMuoBCZrAi2+5gjH7/"}}],"_prefab":{"__type__":"cc.PrefabInfo","root":{"__id__":1},"asset":{"__uuid__":"25SyLMH35B7KR+BjYWIgMS"},"fileId":"c4UGGpmABBBKfAQxj30OPY"},"_contentSize":{"__type__":"cc.Size","width":68,"height":57}},{"__type__":"cc.Node","_name":"five","_parent":{"__id__":47},"_children":[{"__id__":55}],"_components":[{"__type__":"cc.Sprite","node":{"__id__":54},"_spriteFrame":{"__uuid__":"c75/ikzDFNGqsLyHrmkm/A"},"_type":1,"_sizeMode":0},{"__type__":"cc.Button","node":{"__id__":54},"transition":3,"pressedColor":{"__type__":"cc.Color","r":255,"g":255,"b":255},"zoomScale":0.8,"clickEvents":[{"__type__":"cc.ClickEvent","target":{"__id__":1},"component":"uiGamePanel","handler":"sendExpressionMsg","customEventData":"five"}],"_N$normalColor":{"__type__":"cc.Color","r":255,"g":255,"b":255},"_N$disabledColor":{"__type__":"cc.Color","r":255,"g":255,"b":255},"_N$normalSprite":{"__uuid__":"c75/ikzDFNGqsLyHrmkm/A"},"_N$pressedSprite":{"__uuid__":"e97GVMl6JHh5Ml5qEDdSGa"},"pressedSprite":{"__uuid__":"e97GVMl6JHh5Ml5qEDdSGa"},"_N$hoverSprite":{"__uuid__":"e97GVMl6JHh5Ml5qEDdSGa"},"hoverSprite":{"__uuid__":"e97GVMl6JHh5Ml5qEDdSGa"},"_N$disabledSprite":{"__uuid__":"29FYIk+N1GYaeWH/q1NxQO"},"_N$target":{"__id__":54}}],"_prefab":{"__type__":"cc.PrefabInfo","root":{"__id__":1},"asset":{"__uuid__":"25SyLMH35B7KR+BjYWIgMS"},"fileId":"51rdqoWKVERYi2et0LIzzw"},"_contentSize":{"__type__":"cc.Size","width":89,"height":89},"_position":{"__type__":"cc.Vec2","x":300.5,"y":20}},{"__type__":"cc.Node","_name":"img_41","_parent":{"__id__":54},"_components":[{"__type__":"cc.Sprite","node":{"__id__":55},"_spriteFrame":{"__uuid__":"a5nCgW5ptEp4/w5vCCr4ie"}}],"_prefab":{"__type__":"cc.PrefabInfo","root":{"__id__":1},"asset":{"__uuid__":"25SyLMH35B7KR+BjYWIgMS"},"fileId":"b7puspEkNAL4PPehbIqWSU"},"_contentSize":{"__type__":"cc.Size","width":82,"height":60}},{"__type__":"cc.Node","_name":"four","_parent":{"__id__":47},"_children":[{"__id__":57}],"_components":[{"__type__":"cc.Sprite","node":{"__id__":56},"_spriteFrame":{"__uuid__":"c75/ikzDFNGqsLyHrmkm/A"},"_type":1,"_sizeMode":0},{"__type__":"cc.Button","node":{"__id__":56},"transition":3,"pressedColor":{"__type__":"cc.Color","r":255,"g":255,"b":255},"zoomScale":0.8,"clickEvents":[{"__type__":"cc.ClickEvent","target":{"__id__":1},"component":"uiGamePanel","handler":"sendExpressionMsg","customEventData":"four"}],"_N$normalColor":{"__type__":"cc.Color","r":255,"g":255,"b":255},"_N$disabledColor":{"__type__":"cc.Color","r":255,"g":255,"b":255},"_N$normalSprite":{"__uuid__":"c75/ikzDFNGqsLyHrmkm/A"},"_N$pressedSprite":{"__uuid__":"e97GVMl6JHh5Ml5qEDdSGa"},"pressedSprite":{"__uuid__":"e97GVMl6JHh5Ml5qEDdSGa"},"_N$hoverSprite":{"__uuid__":"e97GVMl6JHh5Ml5qEDdSGa"},"hoverSprite":{"__uuid__":"e97GVMl6JHh5Ml5qEDdSGa"},"_N$disabledSprite":{"__uuid__":"29FYIk+N1GYaeWH/q1NxQO"},"_N$target":{"__id__":56}}],"_prefab":{"__type__":"cc.PrefabInfo","root":{"__id__":1},"asset":{"__uuid__":"25SyLMH35B7KR+BjYWIgMS"},"fileId":"b5FhF3Tt1CTqYUu7n35hQx"},"_contentSize":{"__type__":"cc.Size","width":89,"height":89},"_position":{"__type__":"cc.Vec2","x":201.5,"y":20}},{"__type__":"cc.Node","_name":"img_22","_parent":{"__id__":56},"_components":[{"__type__":"cc.Sprite","node":{"__id__":57},"_spriteFrame":{"__uuid__":"6fRcU1bJ5FUJElb+VK6I5U"}}],"_prefab":{"__type__":"cc.PrefabInfo","root":{"__id__":1},"asset":{"__uuid__":"25SyLMH35B7KR+BjYWIgMS"},"fileId":"7e7fOruUlNS7ZvGtccEYTE"},"_contentSize":{"__type__":"cc.Size","width":73,"height":63}},{"__type__":"cc.Node","_name":"six","_parent":{"__id__":47},"_children":[{"__id__":59}],"_components":[{"__type__":"cc.Sprite","node":{"__id__":58},"_spriteFrame":{"__uuid__":"c75/ikzDFNGqsLyHrmkm/A"},"_type":1,"_sizeMode":0,"_isTrimmedMode":false},{"__type__":"cc.Button","node":{"__id__":58},"transition":3,"pressedColor":{"__type__":"cc.Color","r":255,"g":255,"b":255},"zoomScale":0.8,"clickEvents":[{"__type__":"cc.ClickEvent","target":{"__id__":1},"component":"uiGamePanel","handler":"sendExpressionMsg","customEventData":"six"}],"_N$normalColor":{"__type__":"cc.Color","r":255,"g":255,"b":255},"_N$disabledColor":{"__type__":"cc.Color","r":255,"g":255,"b":255},"_N$normalSprite":{"__uuid__":"c75/ikzDFNGqsLyHrmkm/A"},"_N$pressedSprite":{"__uuid__":"e97GVMl6JHh5Ml5qEDdSGa"},"pressedSprite":{"__uuid__":"e97GVMl6JHh5Ml5qEDdSGa"},"_N$hoverSprite":{"__uuid__":"e97GVMl6JHh5Ml5qEDdSGa"},"hoverSprite":{"__uuid__":"e97GVMl6JHh5Ml5qEDdSGa"},"_N$disabledSprite":{"__uuid__":"29FYIk+N1GYaeWH/q1NxQO"},"_N$target":{"__id__":58}}],"_prefab":{"__type__":"cc.PrefabInfo","root":{"__id__":1},"asset":{"__uuid__":"25SyLMH35B7KR+BjYWIgMS"},"fileId":"48qIt7PDlGZrtpf9FJP4pc"},"_contentSize":{"__type__":"cc.Size","width":89,"height":89},"_position":{"__type__":"cc.Vec2","x":399.5,"y":20}},{"__type__":"cc.Node","_name":"img_29","_parent":{"__id__":58},"_components":[{"__type__":"cc.Sprite","node":{"__id__":59},"_spriteFrame":{"__uuid__":"194DN+3pdH/Y27cRS+9Mg0"}}],"_prefab":{"__type__":"cc.PrefabInfo","root":{"__id__":1},"asset":{"__uuid__":"25SyLMH35B7KR+BjYWIgMS"},"fileId":"b7WyjJ3EVK26kipMk6GksK"},"_contentSize":{"__type__":"cc.Size","width":75,"height":60}},{"__type__":"cc.Node","_name":"key_prompt","_parent":{"__id__":1},"_children":[{"__id__":61},{"__id__":62},{"__id__":63},{"__id__":65},{"__id__":66}],"_components":[{"__type__":"cc.BlockInputEvents","node":{"__id__":60}}],"_prefab":{"__type__":"cc.PrefabInfo","root":{"__id__":1},"asset":{"__uuid__":"25SyLMH35B7KR+BjYWIgMS"},"fileId":"a2dcn10vdBabA2V++1uw7P"}},{"__type__":"cc.Node","_name":"cover","_parent":{"__id__":60},"_components":[{"__type__":"cc.Sprite","node":{"__id__":61},"_spriteFrame":{"__uuid__":"a2MjXRFdtLlYQ5ouAFv/+R"},"_sizeMode":0}],"_prefab":{"__type__":"cc.PrefabInfo","root":{"__id__":1},"asset":{"__uuid__":"25SyLMH35B7KR+BjYWIgMS"},"fileId":"1dvjg8LA5OG7I4T9jyxT3/"},"_opacity":125,"_color":{"__type__":"cc.Color"},"_contentSize":{"__type__":"cc.Size","width":720,"height":1280}},{"__type__":"cc.Node","_name":"bg","_parent":{"__id__":60},"_components":[{"__type__":"cc.Sprite","node":{"__id__":62},"_spriteFrame":{"__uuid__":"4fJ6gcL69ID5uiPXFv2Wnt"},"_type":1,"_sizeMode":0}],"_prefab":{"__type__":"cc.PrefabInfo","root":{"__id__":1},"asset":{"__uuid__":"25SyLMH35B7KR+BjYWIgMS"},"fileId":"83vht8ATpCg66Ntao0e36q"},"_contentSize":{"__type__":"cc.Size","width":90,"height":720},"_rotationX":90,"_rotationY":90},{"__type__":"cc.Node","_name":"key_round","_parent":{"__id__":60},"_children":[{"__id__":64}],"_components":[{"__type__":"cc.Sprite","node":{"__id__":63},"_spriteFrame":{"__uuid__":"73taW5KyBJA7dZGIafVrde"}},{"__type__":"cc.Animation","node":{"__id__":63},"_clips":[{"__uuid__":"b0GtdpZ71P3ZCfwjKQfd25"}]}],"_prefab":{"__type__":"cc.PrefabInfo","root":{"__id__":1},"asset":{"__uuid__":"25SyLMH35B7KR+BjYWIgMS"},"fileId":"5bN4SLRZpG6qPiIixVwd00"},"_opacity":0,"_contentSize":{"__type__":"cc.Size","width":94,"height":61}},{"__type__":"cc.Node","_name":"key_number","_parent":{"__id__":63},"_components":[{"__type__":"cc.Sprite","node":{"__id__":64},"_spriteFrame":{"__uuid__":"b3nkHfmThCQLRond4/wiLz"}}],"_prefab":{"__type__":"cc.PrefabInfo","root":{"__id__":1},"asset":{"__uuid__":"25SyLMH35B7KR+BjYWIgMS"},"fileId":"50Au+/iaxKG4n7NoYkEqHG"},"_opacity":0,"_contentSize":{"__type__":"cc.Size","width":31,"height":59},"_position":{"__type__":"cc.Vec2","x":125}},{"__type__":"cc.Node","_name":"key_gameStart","_parent":{"__id__":60},"_active":false,"_components":[{"__type__":"cc.Sprite","node":{"__id__":65},"_spriteFrame":{"__uuid__":"57HI3n6JtA0Yx4Qe7Egg1q"}},{"__type__":"cc.Animation","node":{"__id__":65},"_defaultClip":{"__uuid__":"2cCtFUNjpJkZERUk/AQ9Jw"},"_clips":[{"__uuid__":"2cCtFUNjpJkZERUk/AQ9Jw"}],"playOnLoad":true}],"_prefab":{"__type__":"cc.PrefabInfo","root":{"__id__":1},"asset":{"__uuid__":"25SyLMH35B7KR+BjYWIgMS"},"fileId":"0fX0x/byFF+az7jG8eeRsw"},"_contentSize":{"__type__":"cc.Size","width":420,"height":60}},{"__type__":"cc.Node","_name":"key_gameOver","_parent":{"__id__":60},"_components":[{"__type__":"cc.Sprite","node":{"__id__":66},"_spriteFrame":{"__uuid__":"5fzmmhPfBJ757Z/mkcjLcf"}}],"_prefab":{"__type__":"cc.PrefabInfo","root":{"__id__":1},"asset":{"__uuid__":"25SyLMH35B7KR+BjYWIgMS"},"fileId":"abh2sYx+pLy57+S4ChmJlv"},"_opacity":0,"_contentSize":{"__type__":"cc.Size","width":243,"height":75}}],{"__type__":"cc.SpriteFrame","content":{"name":"default_btn_disabled","texture":"71VhFCTINJM6/Ky3oX9nBT","rect":[0,0,40,40],"offset":[0,0],"originalSize":[40,40],"capInsets":[15,7,15,9]}},{"__type__":"cc.AnimationClip","_name":"gameStart","_duration":0.5,"curveData":{"props":{"opacity":[{"frame":0.48333333333333334,"value":255},{"frame":0.5,"value":0}]}}},{"__type__":"cc.SpriteFrame","content":{"name":"img_52","texture":"e1CdMOOepE3a/6vdDhkCYx","rect":[0,0,75,83],"offset":[0,0],"originalSize":[75,83]}},{"__type__":"cc.SpriteFrame","content":{"name":"img_47","texture":"9bWkUS1jRDu4L6dbxFxEH2","rect":[0,0,206,193],"offset":[0,0],"originalSize":[206,193]}},{"__type__":"cc.SpriteFrame","content":{"name":"img_25","texture":"1alf66RzZOCoRRx2VKeC71","rect":[0,0,75,83],"offset":[0,0],"originalSize":[75,83]}},{"__type__":"cc.SpriteFrame","content":{"name":"img_48","texture":"03Qd7kSxJMY6QEjLWEcQS8","rect":[0,0,127,167],"offset":[0,0],"originalSize":[127,167]}},{"__type__":"cc.SpriteFrame","content":{"name":"exit","texture":"99P9raw/JMIYoG2Z3xvx4Z","rect":[0,0,55,54],"offset":[0,0],"originalSize":[55,54]}},{"__type__":"cc.SpriteFrame","content":{"name":"number_3","texture":"d7gnMuIHBEGYDzXqt89km6","rect":[0,0,44,60],"offset":[0,0],"originalSize":[44,60]}},{"__type__":"cc.SpriteFrame","content":{"name":"img_70","texture":"a2Lq1ioGtH06nOZu+Hw66e","rect":[0,0,90,3],"offset":[0,0],"originalSize":[90,3],"capInsets":[0,1,0,1]}},{"__type__":"cc.SpriteFrame","content":{"name":"img_64","texture":"2akgdZ3OxCjas7NT8V5LPG","rect":[0,0,43,20],"offset":[0,0],"originalSize":[43,20],"capInsets":[24,0,16,0]}},{"__type__":"cc.SpriteFrame","content":{"name":"img_37","texture":"bdBiwBFthJmplWXL4W6tZG","rect":[0,0,68,57],"offset":[0,0],"originalSize":[68,57]}},{"__type__":"cc.SpriteFrame","content":{"name":"img_53","texture":"17iQHVzl9HPJ9d7nvKyKpZ","rect":[0,0,420,60],"offset":[0,0],"originalSize":[420,60]}},{"__type__":"cc.AudioClip","_name":"buttonClicked","_native":".ogg","loadMode":1},{"__type__":"cc.SpriteFrame","content":{"name":"img_67","texture":"53/2QaVW1EmLqEFcNDSUZz","rect":[0,0,243,75],"offset":[0,0],"originalSize":[243,75]}},{"__type__":"cc.SpriteFrame","content":{"name":"img_22","texture":"2dbA/leTNJobQL2lelvNYC","rect":[0,0,73,63],"offset":[0,0],"originalSize":[73,63]}},{"__type__":"cc.AudioClip","_name":"link","_native":".ogg","loadMode":1},{"__type__":"cc.SpriteFrame","content":{"name":"img_01","texture":"521pKwMpFLTaMeWlm9Mok2","rect":[0,0,56,27],"offset":[0,0],"originalSize":[56,27],"capInsets":[25,0,25,0]}},{"__type__":"cc.SpriteFrame","content":{"name":"img_32","texture":"474qBdELhMBZJGBsm8HW+l","rect":[0,0,94,61],"offset":[0,0],"originalSize":[94,61]}},{"__type__":"cc.SpriteFrame","content":{"name":"img_63","texture":"cbVlhBWflAH6E9Akx+LLLR","rect":[0,0,43,20],"offset":[0,0],"originalSize":[43,20],"capInsets":[20,0,21,0]}},{"__type__":"cc.AudioClip","_name":"bg","_native":".ogg","loadMode":1},{"__type__":"cc.AudioClip","_name":"start","_native":".ogg","loadMode":1},{"__type__":"cc.SpriteFrame","content":{"name":"img_08","texture":"93sxAChbZHHIs6F4PdgUDL","rect":[0,0,196,61],"offset":[0,0],"originalSize":[196,61]}},{"__type__":"cc.SpriteFrame","content":{"name":"img_44","texture":"d7W7qCwAlN8rQ2dpSzcBUK","rect":[0,0,83,75],"offset":[0,0],"originalSize":[83,75]}},{"__type__":"cc.SpriteFrame","content":{"name":"img_45","texture":"6afMaUIdBH1oDYKdmE2r3T","rect":[0,0,75,83],"offset":[0,0],"originalSize":[75,83]}},{"__type__":"cc.SpriteFrame","content":{"name":"img_14","texture":"15wzwKbC5MzobxhcGLta7i","rect":[0,0,47,31],"offset":[0,0],"originalSize":[47,31]}},{"__type__":"cc.SpriteFrame","content":{"name":"img_13","texture":"a9UyluQQBHFJe736S4aBGx","rect":[0,0,98,43],"offset":[0,0],"originalSize":[98,43]}},{"__type__":"cc.SpriteFrame","content":{"name":"default_sprite_splash","texture":"02delMVqdBD70a/HSD99FK","rect":[0,0,2,2],"offset":[0,0],"originalSize":[2,2]}},{"__type__":"cc.SpriteFrame","content":{"name":"img_41","texture":"deJptpxxhNY5eNbYWerLPC","rect":[0,0,82,60],"offset":[0,0],"originalSize":[82,60]}},{"__type__":"cc.AnimationClip","_name":"round1","_duration":3.033333333333333,"curveData":{"comps":{"cc.Sprite":{"spriteFrame":[{"frame":0.6,"value":{"__uuid__":"93PKXeA0ZB3rrHn4Op22QO"}},{"frame":1.5,"value":{"__uuid__":"eclRYi6c9DUpdHzMwVHB4+"}},{"frame":2.5,"value":{"__uuid__":"73taW5KyBJA7dZGIafVrde"}}]}},"props":{"scale":[{"frame":0.6,"value":{"__type__":"cc.Vec2"}},{"frame":0.7,"value":{"__type__":"cc.Vec2","x":1,"y":1}},{"frame":1.4833333333333334,"value":{"__type__":"cc.Vec2","x":1,"y":1}},{"frame":1.5,"value":{"__type__":"cc.Vec2"}},{"frame":1.5833333333333333,"value":{"__type__":"cc.Vec2","x":1,"y":1}},{"frame":2.4833333333333334,"value":{"__type__":"cc.Vec2","x":1,"y":1}},{"frame":2.5,"value":{"__type__":"cc.Vec2"}},{"frame":2.5833333333333335,"value":{"__type__":"cc.Vec2","x":1,"y":1}}],"opacity":[{"frame":0.5,"value":0},{"frame":0.5333333333333333,"value":255},{"frame":3.0166666666666666,"value":255},{"frame":3.033333333333333,"value":0}]},"paths":{"key_number":{"props":{"opacity":[{"frame":0.5333333333333333,"value":0},{"frame":0.5666666666666667,"value":255},{"frame":1.5,"value":255},{"frame":1.5166666666666666,"value":0}]}}}}},{"__type__":"cc.SpriteFrame","content":{"name":"number_1","texture":"d5k2k5P65INYlw5v4Pz/26","rect":[0,0,31,59],"offset":[0,0],"originalSize":[31,59]}},{"__type__":"cc.SpriteFrame","content":{"name":"img_11","texture":"depFfmJ2lPObo8yBzCVbgw","rect":[0,0,89,89],"offset":[0,0],"originalSize":[89,89]}},{"__type__":"cc.SpriteFrame","content":{"name":"img_06","texture":"23JkXAT75NPplCj9JGMaDB","rect":[0,0,66,69],"offset":[0,0],"originalSize":[66,69]}},{"__type__":"cc.SpriteFrame","content":{"name":"img_31","texture":"d6p6lrwD1BuIuA9VSZP9JY","rect":[0,0,75,83],"offset":[0,0],"originalSize":[75,83]}},{"__type__":"cc.SpriteFrame","content":{"name":"img_09","texture":"97Vi0rzs5Pk44k3UUHerOq","rect":[0,0,75,83],"offset":[0,0],"originalSize":[75,83]}},{"__type__":"cc.SpriteFrame","content":{"name":"img_38","texture":"1cbyImNKxIIZ/dnKFFIu9L","rect":[0,0,83,75],"offset":[0,0],"originalSize":[83,75]}},{"__type__":"cc.SpriteFrame","content":{"name":"bg","texture":"6aRHFmbMdCtZkUkNxMrU2n","rect":[0,0,902,1281],"offset":[0,0],"originalSize":[902,1281]}},{"__type__":"cc.AnimationClip","_name":"electric","_duration":2.1166666666666667,"wrapMode":"2","curveData":{"props":{"scale":[{"frame":1.9833333333333334,"value":{"__type__":"cc.Vec2","x":1,"y":1}},{"frame":2.0166666666666666,"value":{"__type__":"cc.Vec2","x":-1,"y":-1}},{"frame":2.0833333333333335,"value":{"__type__":"cc.Vec2","x":-1,"y":-1}},{"frame":2.1166666666666667,"value":{"__type__":"cc.Vec2","x":1,"y":1}}],"opacity":[{"frame":1.9833333333333334,"value":255},{"frame":2,"value":0},{"frame":2.0166666666666666,"value":255},{"frame":2.0833333333333335,"value":255},{"frame":2.1,"value":0},{"frame":2.1166666666666667,"value":255}]}}},{"__type__":"cc.SpriteFrame","content":{"name":"img_30","texture":"f7Vqli2KhBk4JMUELdoOhT","rect":[0,0,198,199],"offset":[0,0],"originalSize":[198,199]}},{"__type__":"cc.SpriteFrame","content":{"name":"default_btn_pressed","texture":"b4P/PCArtIdIH38t6mlw8Y","rect":[0,0,40,40],"offset":[0,0],"originalSize":[40,40],"capInsets":[11,11,11,7]}},{"__type__":"cc.SpriteFrame","content":{"name":"img_03","texture":"ebRjvblAlNmJWUoXYLvafp","rect":[0,0,75,83],"offset":[0,0],"originalSize":[75,83]}},{"__type__":"cc.SpriteFrame","content":{"name":"img_54","texture":"6fHBuLgglNPajNENHg6qjo","rect":[0,0,178,60],"offset":[0,0],"originalSize":[178,60]}},{"__type__":"cc.SpriteFrame","content":{"name":"img_46","texture":"4e/8r3NKBJm49f9HOD/bBm","rect":[0,0,75,83],"offset":[0,0],"originalSize":[75,83]}},[{"__type__":"cc.Prefab","_name":"combo","data":{"__id__":1}},{"__type__":"cc.Node","_name":"combo","_components":[{"__type__":"cc.Label","node":{"__id__":1},"_useOriginalSize":false,"_actualFontSize":30,"_fontSize":30,"_lineHeight":30,"_N$string":"combo0","_N$horizontalAlign":1,"_N$verticalAlign":1}],"_prefab":{"__type__":"cc.PrefabInfo","root":{"__id__":1},"asset":{"__uuid__":"ffNZiiYpBCeLpjwHA08Viu"},"fileId":"faWsVw9ZhD5Jopld6q4AyW"},"_color":{"__type__":"cc.Color","r":245,"g":100,"b":100},"_contentSize":{"__type__":"cc.Size","width":107,"height":30}}]]