[{"__type__":"cc.SpriteFrame","content":{"name":"img_25","texture":"1alf66RzZOCoRRx2VKeC71","rect":[0,0,75,83],"offset":[0,0],"originalSize":[75,83]}},[{"__type__":"cc.Prefab","_name":"block_9","data":{"__id__":1},"asyncLoadAssets":null},{"__type__":"cc.Node","_name":"img_25","_components":[{"__type__":"cc.Sprite","node":{"__id__":1},"_spriteFrame":{"__uuid__":"32mTjE4t9CRa8s/YpTO56x"},"_sizeMode":0},{"__type__":"cc.Button","node":{"__id__":1},"_N$target":{"__id__":1}},{"__type__":"8fd5fQJ7V9MaooovKVX5rk8","node":{"__id__":1}}],"_prefab":{"__type__":"cc.PrefabInfo","root":{"__id__":1},"asset":{"__uuid__":"8doWBKcX1ARpj4xAmdw0Bd"},"fileId":"c4vZF9GfVD3bM7jNnwY2MX"},"_contentSize":{"__type__":"cc.Size","width":75,"height":75},"_position":{"__type__":"cc.Vec2","x":-303,"y":-84}}]]