[[{"__type__":"cc.Prefab","_name":"block_3","data":{"__id__":1},"asyncLoadAssets":null},{"__type__":"cc.Node","_name":"img_44","_components":[{"__type__":"cc.Sprite","node":{"__id__":1},"_spriteFrame":{"__uuid__":"96Fgxqko1DcoZd4ZL4jb8+"},"_sizeMode":0},{"__type__":"cc.Button","node":{"__id__":1},"_N$target":{"__id__":1}},{"__type__":"8fd5fQJ7V9MaooovKVX5rk8","node":{"__id__":1}}],"_prefab":{"__type__":"cc.PrefabInfo","root":{"__id__":1},"asset":{"__uuid__":"0b/EI6ocxK9b334oVb1AP+"},"fileId":"d9oAB/gCBPKZcyUrsmE061"},"_contentSize":{"__type__":"cc.Size","width":75,"height":75},"_position":{"__type__":"cc.Vec2","x":-77}}],{"__type__":"cc.SpriteFrame","content":{"name":"img_44","texture":"d7W7qCwAlN8rQ2dpSzcBUK","rect":[0,0,83,75],"offset":[0,0],"originalSize":[83,75]}}]