[[{"__type__":"cc.Prefab","_name":"uiGameStop","data":{"__id__":1},"asyncLoadAssets":null},{"__type__":"cc.Node","_name":"uiGameStop","_children":[{"__id__":2},{"__id__":3}],"_components":[{"__type__":"0fe1bLm0vtE/oW1njTJsOrT","node":{"__id__":1}}],"_prefab":{"__type__":"cc.PrefabInfo","root":{"__id__":1},"asset":{"__uuid__":"b02soTI5VA4IRkjIOWDGjC"},"fileId":"d8niOnBblMl41vbZCXlox3"},"_scaleX":2,"_scaleY":2},{"__type__":"cc.Node","_name":"box","_parent":{"__id__":1},"_components":[{"__type__":"cc.Sprite","node":{"__id__":2},"_spriteFrame":{"__uuid__":"f7X+DtFb1FcJiuOxXqweto"}}],"_prefab":{"__type__":"cc.PrefabInfo","root":{"__id__":1},"asset":{"__uuid__":"b02soTI5VA4IRkjIOWDGjC"},"fileId":"f8V95wSZRLAYQ4cIil9EHY"},"_contentSize":{"__type__":"cc.Size","width":623,"height":543},"_scaleX":0.5,"_scaleY":0.5},{"__type__":"cc.Node","_name":"key_label","_parent":{"__id__":1},"_components":[{"__type__":"cc.Label","node":{"__id__":3},"_useOriginalSize":false,"_actualFontSize":20,"_fontSize":20,"_N$string":"等待对手重连中......","_N$horizontalAlign":1,"_N$verticalAlign":1}],"_prefab":{"__type__":"cc.PrefabInfo","root":{"__id__":1},"asset":{"__uuid__":"b02soTI5VA4IRkjIOWDGjC"},"fileId":"97XPXIDGpBgLDpbyTJ4nTq"},"_color":{"__type__":"cc.Color"},"_contentSize":{"__type__":"cc.Size","width":173,"height":40},"_position":{"__type__":"cc.Vec2","y":-10}}],{"__type__":"cc.SpriteFrame","content":{"name":"box","texture":"24S2UNZ1xHwJ8Uz1hLgdKF","rect":[0,0,623,543],"offset":[0,0],"originalSize":[623,543]}}]