[{"__type__":"cc.SpriteFrame","content":{"name":"img_60","texture":"355ayI4/FKiadf7xsd8OrD","rect":[0,0,23,22],"offset":[0,0],"originalSize":[23,22],"capInsets":[10,16,8,4]}},[{"__type__":"cc.Prefab","_name":"redCorner","data":{"__id__":1},"asyncLoadAssets":null},{"__type__":"cc.Node","_name":"img_57","_components":[{"__type__":"cc.Sprite","node":{"__id__":1},"_spriteFrame":{"__uuid__":"49O54OBpZKyYUjP0ANq+BZ"}},{"__type__":"2567ddW4flIRr9ymsxz8doh","node":{"__id__":1}}],"_prefab":{"__type__":"cc.PrefabInfo","root":{"__id__":1},"asset":{"__uuid__":"83KZVkdudJr4uqEKD3ACSc"},"fileId":"88F41w3BBI+pB0s/q91wq9"},"_anchorPoint":{"__type__":"cc.Vec2","x":0.55,"y":0.55},"_contentSize":{"__type__":"cc.Size","width":23,"height":22},"_scaleX":2,"_scaleY":2,"_position":{"__type__":"cc.Vec2","x":-305.9,"y":-44.7}}]]