[{"__type__":"cc.SpriteFrame","content":{"name":"img_22","texture":"2dbA/leTNJobQL2lelvNYC","rect":[0,0,73,63],"offset":[0,0],"originalSize":[73,63]}},[{"__type__":"cc.Prefab","_name":"bubble_4","data":{"__id__":1},"asyncLoadAssets":null},{"__type__":"cc.Node","_name":"bubble_4","_children":[{"__id__":2}],"_components":[{"__type__":"cc.Sprite","node":{"__id__":1},"_spriteFrame":{"__uuid__":"6fRcU1bJ5FUJElb+VK6I5U"}}],"_prefab":{"__type__":"cc.PrefabInfo","root":{"__id__":1},"asset":{"__uuid__":"bdSFRQYTBJxqyqFM03YTwX"},"fileId":"59/oZwHoFPlZUKtjWZjsw+"},"_contentSize":{"__type__":"cc.Size","width":73,"height":63},"_position":{"__type__":"cc.Vec2","x":129.9,"y":-84.5}},{"__type__":"cc.Node","_name":"img_39","_parent":{"__id__":1},"_components":[{"__type__":"cc.Sprite","node":{"__id__":2},"_spriteFrame":{"__uuid__":"d4/GCfS0BMS7nvDbRpzS3v"}}],"_prefab":{"__type__":"cc.PrefabInfo","root":{"__id__":1},"asset":{"__uuid__":"bdSFRQYTBJxqyqFM03YTwX"},"fileId":"6bpN42YDtIqqj9RjxAlb2w"},"_contentSize":{"__type__":"cc.Size","width":99,"height":88},"_scaleX":-1,"_position":{"__type__":"cc.Vec2","x":-5}}],{"__type__":"cc.SpriteFrame","content":{"name":"img_39","texture":"d9Sw/vRllMrKRSgagslkj6","rect":[0,0,99,88],"offset":[0,0],"originalSize":[99,88]}}]