[{"__type__":"cc.SpriteFrame","content":{"name":"default_sprite_splash","texture":"02delMVqdBD70a/HSD99FK","rect":[0,0,2,2],"offset":[0,0],"originalSize":[2,2]}},[{"__type__":"cc.Prefab","_name":"uiMaskLayout","data":{"__id__":1},"asyncLoadAssets":null},{"__type__":"cc.Node","_name":"uiMaskLayout","_children":[{"__id__":2}],"_components":[null],"_prefab":{"__type__":"cc.PrefabInfo","root":{"__id__":1},"fileId":"ac/QWBJqhNs4snmDHBrx3p"}},{"__type__":"cc.Node","_name":"BG","_parent":{"__id__":1},"_components":[{"__type__":"cc.Sprite","node":{"__id__":2},"_spriteFrame":{"__uuid__":"a2MjXRFdtLlYQ5ouAFv/+R"},"_sizeMode":0},{"__type__":"cc.Button","node":{"__id__":2},"_N$target":{"__id__":2}}],"_prefab":{"__type__":"cc.PrefabInfo","root":{"__id__":1},"fileId":"4fQYgcddBMl5JPoy3ji8Ef"},"_opacity":231,"_color":{"__type__":"cc.Color","r":47,"g":47,"b":48},"_contentSize":{"__type__":"cc.Size","width":2000,"height":2000}}]]