[{"__type__":"cc.SpriteFrame","content":{"name":"rome-gold","texture":"91uzuUQtdLZbhyw3R7y+lm","rect":[0,0,130,29],"offset":[0,0],"originalSize":[130,29]}},{"__type__":"cc.SpriteFrame","content":{"name":"bar-user1","texture":"e1aTsDbdNBr6Ek+3H6P30s","rect":[0,0,135,135],"offset":[0,0],"originalSize":[135,135]}},{"__type__":"cc.SpriteFrame","content":{"name":"bar-user2","texture":"19F3ZLkw9GE4e1s+VGinOE","rect":[0,0,135,39],"offset":[0,0],"originalSize":[135,39]}},{"__type__":"cc.SpriteFrame","content":{"name":"home-btn2","texture":"b0uoCBts1PsJ1cX9Ktglwv","rect":[0,0,92,40],"offset":[0,0],"originalSize":[92,40]}},[{"__type__":"cc.Prefab","_name":"uiRoomVer","data":{"__id__":1}},{"__type__":"cc.Node","_name":"uiRoomVer","_children":[{"__id__":2},{"__id__":3},{"__id__":4},{"__id__":6},{"__id__":8},{"__id__":30},{"__id__":31},{"__id__":33}],"_components":[{"__type__":"72f2f1cYGZOhIZyqvev+rWy","node":{"__id__":1}}],"_prefab":{"__type__":"cc.PrefabInfo","root":{"__id__":1},"asset":{"__uuid__":"56mMdGjGhOTZSJ9b+1/XSo"},"fileId":"46XxeULJ9L7KAoyq2r1qjf"}},{"__type__":"cc.Node","_name":"ver-bot-bg2","_parent":{"__id__":1},"_components":[{"__type__":"cc.Sprite","node":{"__id__":2},"_spriteFrame":{"__uuid__":"b8egGVq8VH6IUMuWyn9WXw"}},{"__type__":"cc.Button","node":{"__id__":2},"_N$target":{"__id__":2}}],"_prefab":{"__type__":"cc.PrefabInfo","root":{"__id__":1},"asset":{"__uuid__":"56mMdGjGhOTZSJ9b+1/XSo"},"fileId":"68G3nntUpPerOvokqFilsL"},"_contentSize":{"__type__":"cc.Size","width":750,"height":1334}},{"__type__":"cc.Node","_name":"ver-user-bg","_parent":{"__id__":1},"_components":[{"__type__":"cc.Sprite","node":{"__id__":3},"_spriteFrame":{"__uuid__":"60ipJ8LbtOA7O1dAzT594i"}}],"_prefab":{"__type__":"cc.PrefabInfo","root":{"__id__":1},"asset":{"__uuid__":"56mMdGjGhOTZSJ9b+1/XSo"},"fileId":"91yQL7cnBNa4DhpSULLZq7"},"_contentSize":{"__type__":"cc.Size","width":750,"height":621},"_position":{"__type__":"cc.Vec2","y":128}},{"__type__":"cc.Node","_name":"key_startGame","_parent":{"__id__":1},"_children":[{"__id__":5}],"_components":[{"__type__":"cc.Sprite","node":{"__id__":4},"_spriteFrame":{"__uuid__":"c371VOeSFB8oWUk/LBKS12"}},{"__type__":"cc.Button","node":{"__id__":4},"transition":1,"_N$target":{"__id__":4}}],"_prefab":{"__type__":"cc.PrefabInfo","root":{"__id__":1},"asset":{"__uuid__":"56mMdGjGhOTZSJ9b+1/XSo"},"fileId":"92JbewpClPepjB7g/mMoGd"},"_color":{"__type__":"cc.Color","r":214,"g":214,"b":214},"_contentSize":{"__type__":"cc.Size","width":260,"height":100},"_position":{"__type__":"cc.Vec2","x":197,"y":-363}},{"__type__":"cc.Node","_name":"label","_parent":{"__id__":4},"_components":[{"__type__":"cc.Label","node":{"__id__":5},"_useOriginalSize":false,"_N$string":"开始游戏","_N$horizontalAlign":1,"_N$verticalAlign":1}],"_prefab":{"__type__":"cc.PrefabInfo","root":{"__id__":1},"asset":{"__uuid__":"56mMdGjGhOTZSJ9b+1/XSo"},"fileId":"7biJr+YUpODINvJXj01iFM"},"_contentSize":{"__type__":"cc.Size","width":160,"height":40}},{"__type__":"cc.Node","_name":"key_quit","_parent":{"__id__":1},"_children":[{"__id__":7}],"_components":[{"__type__":"cc.Sprite","node":{"__id__":6},"_spriteFrame":{"__uuid__":"c371VOeSFB8oWUk/LBKS12"}},{"__type__":"cc.Button","node":{"__id__":6},"transition":1,"_N$target":{"__id__":6}}],"_prefab":{"__type__":"cc.PrefabInfo","root":{"__id__":1},"asset":{"__uuid__":"56mMdGjGhOTZSJ9b+1/XSo"},"fileId":"74HFcZwJRArJwKq08kICkE"},"_color":{"__type__":"cc.Color","r":214,"g":214,"b":214},"_contentSize":{"__type__":"cc.Size","width":260,"height":100},"_position":{"__type__":"cc.Vec2","x":-182,"y":-363}},{"__type__":"cc.Node","_name":"label","_parent":{"__id__":6},"_components":[{"__type__":"cc.Label","node":{"__id__":7},"_useOriginalSize":false,"_N$string":"离开","_N$horizontalAlign":1,"_N$verticalAlign":1}],"_prefab":{"__type__":"cc.PrefabInfo","root":{"__id__":1},"asset":{"__uuid__":"56mMdGjGhOTZSJ9b+1/XSo"},"fileId":"1dXvEBJ1tNBJkaa9sqxnA+"},"_contentSize":{"__type__":"cc.Size","width":80,"height":40}},{"__type__":"cc.Node","_name":"key_player","_parent":{"__id__":1},"_children":[{"__id__":9},{"__id__":15},{"__id__":18},{"__id__":21},{"__id__":24},{"__id__":29}],"_components":[{"__type__":"03ed8JZPJFK1I6th5/637fn","node":{"__id__":8},"userName":{"__id__":14},"ownerTag":{"__id__":15},"otherTag":{"__id__":18},"selfTag":{"__id__":21},"defaultNode":{"__id__":24},"commonNode":{"__id__":9},"kick":{"__id__":29},"userIcon":{"__id__":11}}],"_prefab":{"__type__":"cc.PrefabInfo","root":{"__id__":1},"asset":{"__uuid__":"56mMdGjGhOTZSJ9b+1/XSo"},"fileId":"91jdohjjVJba+hLap024qX"},"_position":{"__type__":"cc.Vec2","x":-258,"y":330}},{"__type__":"cc.Node","_name":"common","_parent":{"__id__":8},"_children":[{"__id__":10},{"__id__":12},{"__id__":13}],"_prefab":{"__type__":"cc.PrefabInfo","root":{"__id__":1},"asset":{"__uuid__":"56mMdGjGhOTZSJ9b+1/XSo"},"fileId":"69bGZ5QP9F9YV8GJgQy31t"}},{"__type__":"cc.Node","_name":"icon","_parent":{"__id__":9},"_components":[{"__id__":11}],"_prefab":{"__type__":"cc.PrefabInfo","root":{"__id__":1},"asset":{"__uuid__":"56mMdGjGhOTZSJ9b+1/XSo"},"fileId":"cemTnaOdtF9IlB0/Im7CH5"},"_contentSize":{"__type__":"cc.Size","width":135,"height":135}},{"__type__":"cc.Sprite","node":{"__id__":10},"_sizeMode":0},{"__type__":"cc.Node","_name":"sprite_splash","_parent":{"__id__":9},"_components":[{"__type__":"cc.Sprite","node":{"__id__":12},"_spriteFrame":{"__uuid__":"a2MjXRFdtLlYQ5ouAFv/+R"},"_sizeMode":0}],"_prefab":{"__type__":"cc.PrefabInfo","root":{"__id__":1},"asset":{"__uuid__":"56mMdGjGhOTZSJ9b+1/XSo"},"fileId":"13Yr6KHGpHl7qPakIuiR+X"},"_opacity":160,"_color":{"__type__":"cc.Color"},"_contentSize":{"__type__":"cc.Size","width":130,"height":25},"_position":{"__type__":"cc.Vec2","y":-50}},{"__type__":"cc.Node","_name":"name","_parent":{"__id__":9},"_components":[{"__id__":14}],"_prefab":{"__type__":"cc.PrefabInfo","root":{"__id__":1},"asset":{"__uuid__":"56mMdGjGhOTZSJ9b+1/XSo"},"fileId":"7bgGFX291KGoIixTELcpc6"},"_contentSize":{"__type__":"cc.Size","width":67,"height":30},"_position":{"__type__":"cc.Vec2","y":-50}},{"__type__":"cc.Label","node":{"__id__":13},"_useOriginalSize":false,"_actualFontSize":20,"_fontSize":20,"_lineHeight":30,"_N$string":"653241","_N$horizontalAlign":1,"_N$verticalAlign":1},{"__type__":"cc.Node","_name":"type1","_parent":{"__id__":8},"_children":[{"__id__":16},{"__id__":17}],"_components":[{"__type__":"cc.Sprite","node":{"__id__":15},"_spriteFrame":{"__uuid__":"60TxFmyxxB26uqn1wcFdB6"},"_sizeMode":2}],"_prefab":{"__type__":"cc.PrefabInfo","root":{"__id__":1},"asset":{"__uuid__":"56mMdGjGhOTZSJ9b+1/XSo"},"fileId":"71xY4mwj5BcLGtgZ3XgTxJ"},"_contentSize":{"__type__":"cc.Size","width":135,"height":39},"_position":{"__type__":"cc.Vec2","y":-98}},{"__type__":"cc.Node","_name":"bar-user1.2","_parent":{"__id__":15},"_components":[{"__type__":"cc.Sprite","node":{"__id__":16},"_spriteFrame":{"__uuid__":"1bCNBNq/NFY429MMCmcVSQ"},"_sizeMode":2}],"_prefab":{"__type__":"cc.PrefabInfo","root":{"__id__":1},"asset":{"__uuid__":"56mMdGjGhOTZSJ9b+1/XSo"},"fileId":"1fmLbI2nlElYCkx2JjDhzd"},"_contentSize":{"__type__":"cc.Size","width":135,"height":135},"_position":{"__type__":"cc.Vec2","y":98}},{"__type__":"cc.Node","_name":"playerType","_parent":{"__id__":15},"_components":[{"__type__":"cc.Label","node":{"__id__":17},"_useOriginalSize":false,"_actualFontSize":24,"_fontSize":24,"_N$string":"房主","_N$horizontalAlign":1,"_N$verticalAlign":1}],"_prefab":{"__type__":"cc.PrefabInfo","root":{"__id__":1},"asset":{"__uuid__":"56mMdGjGhOTZSJ9b+1/XSo"},"fileId":"b67IavOVlHdIhkj3PIWoNI"},"_color":{"__type__":"cc.Color"},"_contentSize":{"__type__":"cc.Size","width":48,"height":40}},{"__type__":"cc.Node","_name":"type2","_parent":{"__id__":8},"_children":[{"__id__":19},{"__id__":20}],"_components":[{"__type__":"cc.Sprite","node":{"__id__":18},"_spriteFrame":{"__uuid__":"c9DFTjMS1J2JBbXEbiqkn2"},"_sizeMode":2}],"_prefab":{"__type__":"cc.PrefabInfo","root":{"__id__":1},"asset":{"__uuid__":"56mMdGjGhOTZSJ9b+1/XSo"},"fileId":"95gnSBDyhG8KE3WYHoA+tA"},"_contentSize":{"__type__":"cc.Size","width":135,"height":39},"_position":{"__type__":"cc.Vec2","x":0.3,"y":-98.2}},{"__type__":"cc.Node","_name":"bar-user3.1","_parent":{"__id__":18},"_components":[{"__type__":"cc.Sprite","node":{"__id__":19},"_spriteFrame":{"__uuid__":"77ToGDCAxGsoLTdZrK3YcD"}}],"_prefab":{"__type__":"cc.PrefabInfo","root":{"__id__":1},"asset":{"__uuid__":"56mMdGjGhOTZSJ9b+1/XSo"},"fileId":"aaJtzFHlJEFJAzTg2Z1HTS"},"_contentSize":{"__type__":"cc.Size","width":135,"height":135},"_position":{"__type__":"cc.Vec2","y":97.3}},{"__type__":"cc.Node","_name":"label","_parent":{"__id__":18},"_components":[{"__type__":"cc.Label","node":{"__id__":20},"_useOriginalSize":false,"_actualFontSize":24,"_fontSize":24,"_N$string":"路人","_N$horizontalAlign":1,"_N$verticalAlign":1}],"_prefab":{"__type__":"cc.PrefabInfo","root":{"__id__":1},"asset":{"__uuid__":"56mMdGjGhOTZSJ9b+1/XSo"},"fileId":"71DbV3ylVE25eBQmaJzMCQ"},"_color":{"__type__":"cc.Color"},"_contentSize":{"__type__":"cc.Size","width":48,"height":40}},{"__type__":"cc.Node","_name":"type3","_parent":{"__id__":8},"_children":[{"__id__":22},{"__id__":23}],"_components":[{"__type__":"cc.Sprite","node":{"__id__":21},"_spriteFrame":{"__uuid__":"c9DFTjMS1J2JBbXEbiqkn2"},"_sizeMode":2}],"_prefab":{"__type__":"cc.PrefabInfo","root":{"__id__":1},"asset":{"__uuid__":"56mMdGjGhOTZSJ9b+1/XSo"},"fileId":"0eWzySpTJBv7qJGqAZizJp"},"_contentSize":{"__type__":"cc.Size","width":135,"height":39},"_position":{"__type__":"cc.Vec2","x":0.3,"y":-98.2}},{"__type__":"cc.Node","_name":"bar-user3.1","_parent":{"__id__":21},"_components":[{"__type__":"cc.Sprite","node":{"__id__":22},"_spriteFrame":{"__uuid__":"77ToGDCAxGsoLTdZrK3YcD"}}],"_prefab":{"__type__":"cc.PrefabInfo","root":{"__id__":1},"asset":{"__uuid__":"56mMdGjGhOTZSJ9b+1/XSo"},"fileId":"24oRadKZND2qfyqIFRXiKB"},"_contentSize":{"__type__":"cc.Size","width":135,"height":135},"_position":{"__type__":"cc.Vec2","y":97.3}},{"__type__":"cc.Node","_name":"label","_parent":{"__id__":21},"_components":[{"__type__":"cc.Label","node":{"__id__":23},"_useOriginalSize":false,"_actualFontSize":24,"_fontSize":24,"_N$string":"我","_N$horizontalAlign":1,"_N$verticalAlign":1}],"_prefab":{"__type__":"cc.PrefabInfo","root":{"__id__":1},"asset":{"__uuid__":"56mMdGjGhOTZSJ9b+1/XSo"},"fileId":"9221QyQE1C+JNgJ54xF7wh"},"_color":{"__type__":"cc.Color"},"_contentSize":{"__type__":"cc.Size","width":24,"height":40}},{"__type__":"cc.Node","_name":"default","_parent":{"__id__":8},"_children":[{"__id__":25},{"__id__":26},{"__id__":27},{"__id__":28}],"_active":false,"_prefab":{"__type__":"cc.PrefabInfo","root":{"__id__":1},"asset":{"__uuid__":"56mMdGjGhOTZSJ9b+1/XSo"},"fileId":"d5Qo+cWPJBFpKKEJdnX6uH"},"_position":{"__type__":"cc.Vec2","y":-1}},{"__type__":"cc.Node","_name":"sprite_splash","_parent":{"__id__":24},"_components":[{"__type__":"cc.Sprite","node":{"__id__":25},"_spriteFrame":{"__uuid__":"a2MjXRFdtLlYQ5ouAFv/+R"},"_sizeMode":0}],"_prefab":{"__type__":"cc.PrefabInfo","root":{"__id__":1},"asset":{"__uuid__":"56mMdGjGhOTZSJ9b+1/XSo"},"fileId":"e6gbmvm21CSbu/Do38nyWJ"},"_opacity":180,"_color":{"__type__":"cc.Color"},"_contentSize":{"__type__":"cc.Size","width":128,"height":128}},{"__type__":"cc.Node","_name":"sprite_splash","_parent":{"__id__":24},"_components":[{"__type__":"cc.Sprite","node":{"__id__":26},"_spriteFrame":{"__uuid__":"a2MjXRFdtLlYQ5ouAFv/+R"},"_sizeMode":0}],"_prefab":{"__type__":"cc.PrefabInfo","root":{"__id__":1},"asset":{"__uuid__":"56mMdGjGhOTZSJ9b+1/XSo"},"fileId":"9c4Svxv95M164mundG3LtQ"},"_opacity":160,"_color":{"__type__":"cc.Color"},"_contentSize":{"__type__":"cc.Size","width":130,"height":25},"_position":{"__type__":"cc.Vec2","y":-50.8}},{"__type__":"cc.Node","_name":"bar-user2.1","_parent":{"__id__":24},"_components":[{"__type__":"cc.Sprite","node":{"__id__":27},"_spriteFrame":{"__uuid__":"74XuZLX7JK7LvJwzzjSjkA"}}],"_prefab":{"__type__":"cc.PrefabInfo","root":{"__id__":1},"asset":{"__uuid__":"56mMdGjGhOTZSJ9b+1/XSo"},"fileId":"3aUoUqR4VL0JfOSgQWPaQr"},"_contentSize":{"__type__":"cc.Size","width":135,"height":135}},{"__type__":"cc.Node","_name":"bar-user2.2","_parent":{"__id__":24},"_components":[{"__type__":"cc.Sprite","node":{"__id__":28},"_spriteFrame":{"__uuid__":"28niXdjIBDrbR4uM6sdf4T"}}],"_prefab":{"__type__":"cc.PrefabInfo","root":{"__id__":1},"asset":{"__uuid__":"56mMdGjGhOTZSJ9b+1/XSo"},"fileId":"38aUzRdIdBQ4iMartsMhgt"},"_contentSize":{"__type__":"cc.Size","width":135,"height":39},"_position":{"__type__":"cc.Vec2","x":-0.4,"y":-98.8}},{"__type__":"cc.Node","_name":"kickPlayer","_parent":{"__id__":8},"_components":[{"__type__":"cc.Sprite","node":{"__id__":29},"_spriteFrame":{"__uuid__":"9bd9ugE4lIX5wyGc+NnbX5"},"_sizeMode":0},{"__type__":"cc.Button","node":{"__id__":29},"_N$target":{"__id__":29}}],"_prefab":{"__type__":"cc.PrefabInfo","root":{"__id__":1},"asset":{"__uuid__":"56mMdGjGhOTZSJ9b+1/XSo"},"fileId":"a6wEZLEJdF/7HVIBJp/gqL"},"_contentSize":{"__type__":"cc.Size","width":40,"height":40},"_position":{"__type__":"cc.Vec2","x":60,"y":60}},{"__type__":"cc.Node","_name":"key_layout","_parent":{"__id__":1},"_components":[{"__type__":"cc.Sprite","node":{"__id__":30},"_enabled":false,"_spriteFrame":{"__uuid__":"9bvaMerUlDyary99mJa6xp"},"_type":1,"_sizeMode":0},{"__type__":"cc.Layout","node":{"__id__":30},"_layoutSize":{"__type__":"cc.Size","width":600,"height":480},"_resize":2,"_N$layoutType":3,"_N$cellSize":{"__type__":"cc.Size","width":200,"height":220}}],"_prefab":{"__type__":"cc.PrefabInfo","root":{"__id__":1},"asset":{"__uuid__":"56mMdGjGhOTZSJ9b+1/XSo"},"fileId":"52Q/WsMLdJQK2fwWnDk8r9"},"_contentSize":{"__type__":"cc.Size","width":600,"height":480},"_position":{"__type__":"cc.Vec2","x":-5,"y":134}},{"__type__":"cc.Node","_name":"copy","_parent":{"__id__":1},"_children":[{"__id__":32}],"_active":false,"_components":[{"__type__":"cc.Label","node":{"__id__":31},"_useOriginalSize":false,"_N$string":"复制","_N$horizontalAlign":1,"_N$verticalAlign":1}],"_prefab":{"__type__":"cc.PrefabInfo","root":{"__id__":1},"asset":{"__uuid__":"56mMdGjGhOTZSJ9b+1/XSo"},"fileId":"cffrtbZWBOlJsqqS/G2Esd"},"_opacity":225,"_color":{"__type__":"cc.Color"},"_contentSize":{"__type__":"cc.Size","width":80,"height":40},"_position":{"__type__":"cc.Vec2","x":290,"y":-235}},{"__type__":"cc.Node","_name":"home-btn2","_parent":{"__id__":31},"_components":[{"__type__":"cc.Sprite","node":{"__id__":32},"_spriteFrame":{"__uuid__":"2fB1vtsQNEabxJl/1upglU"},"_sizeMode":2}],"_prefab":{"__type__":"cc.PrefabInfo","root":{"__id__":1},"asset":{"__uuid__":"56mMdGjGhOTZSJ9b+1/XSo"},"fileId":"f5lRnSRHRI57oObB+ZtTUG"},"_contentSize":{"__type__":"cc.Size","width":92,"height":40},"_position":{"__type__":"cc.Vec2","x":-3}},{"__type__":"cc.Node","_name":"icon-money","_parent":{"__id__":1},"_children":[{"__id__":34}],"_active":false,"_components":[{"__type__":"cc.Sprite","node":{"__id__":33},"_spriteFrame":{"__uuid__":"57TX7ZUkZM2I9Ht2rQyi8C"},"_sizeMode":2}],"_prefab":{"__type__":"cc.PrefabInfo","root":{"__id__":1},"asset":{"__uuid__":"56mMdGjGhOTZSJ9b+1/XSo"},"fileId":"a2HqpuIIlPgL4JxvGfcP5o"},"_contentSize":{"__type__":"cc.Size","width":49,"height":46},"_position":{"__type__":"cc.Vec2","x":-314,"y":486}},{"__type__":"cc.Node","_name":"rome-gold","_parent":{"__id__":33},"_components":[{"__type__":"cc.Sprite","node":{"__id__":34},"_spriteFrame":{"__uuid__":"03MJ7Rl6FJ3b6ckPAD+CrG"},"_sizeMode":2}],"_prefab":{"__type__":"cc.PrefabInfo","root":{"__id__":1},"asset":{"__uuid__":"56mMdGjGhOTZSJ9b+1/XSo"},"fileId":"b6JYNqMoFACpi0fgzIDCoX"},"_contentSize":{"__type__":"cc.Size","width":130,"height":29},"_position":{"__type__":"cc.Vec2","x":117,"y":2}}],{"__type__":"cc.SpriteFrame","content":{"name":"icon-money","texture":"47NCcJwl5Pm4SwqK8HkXgK","rect":[0,0,49,46],"offset":[0,0],"originalSize":[49,46]}},{"__type__":"cc.SpriteFrame","content":{"name":"bar-user1","texture":"af/rZSdCVDQKv2c7AurqnJ","rect":[0,0,135,39],"offset":[0,0],"originalSize":[135,39],"capInsets":[33,0,17,0]}},{"__type__":"cc.SpriteFrame","content":{"name":"ver-user-bg","texture":"0ac6TkyolDap+sd9GScEdm","rect":[0,3,750,621],"offset":[0,1],"originalSize":[750,629]}},{"__type__":"cc.SpriteFrame","content":{"name":"bar-user2","texture":"cbzTWRnCdK040J0pZLNCcI","rect":[0,0,135,135],"offset":[0,0],"originalSize":[135,135]}},{"__type__":"cc.SpriteFrame","content":{"name":"bar-user3","texture":"84gqyQNPlJMLi1Npk2h+zf","rect":[0,0,135,135],"offset":[0,0],"originalSize":[135,135]}},{"__type__":"cc.SpriteFrame","content":{"name":"kick","texture":"df7A9anqJEm6DlaW/Mpt0I","rect":[0,0,32,32],"offset":[0,0],"originalSize":[32,32]}},{"__type__":"cc.SpriteFrame","content":{"name":"default_panel","texture":"d8HsitJHxOYqo801xBk8ev","rect":[0,0,20,20],"offset":[0,0],"originalSize":[20,20],"capInsets":[4,3,4,3]}},{"__type__":"cc.SpriteFrame","content":{"name":"default_sprite_splash","texture":"02delMVqdBD70a/HSD99FK","rect":[0,0,2,2],"offset":[0,0],"originalSize":[2,2]}},{"__type__":"cc.SpriteFrame","content":{"name":"ver-bot-bg2","texture":"19/mDRgUpDOLpeTlGiulKK","rect":[0,0,750,1334],"offset":[0,0],"originalSize":[750,1334]}},{"__type__":"cc.SpriteFrame","content":{"name":"home-btn","texture":"ceucFCge5LdLfhQDCQuL8i","rect":[0,0,260,100],"offset":[0,0],"originalSize":[260,100],"capInsets":[38,28,47,34]}},{"__type__":"cc.SpriteFrame","content":{"name":"bar-user3","texture":"edRIQrxTZIVIM/ixQul5nu","rect":[0,0,135,39],"offset":[0,0],"originalSize":[135,39],"capInsets":[48,2,53,0]}}]