[{"__type__":"cc.AnimationClip","_name":"redStraight","_duration":0.26666666666666666,"wrapMode":"2","curveData":{"props":{"opacity":[{"frame":0.08333333333333333,"value":255},{"frame":0.1,"value":0},{"frame":0.11666666666666667,"value":255},{"frame":0.16666666666666666,"value":255},{"frame":0.18333333333333332,"value":0},{"frame":0.2,"value":255}]},"paths":{"electric":{"comps":{"cc.Sprite":{"spriteFrame":[{"frame":0.08333333333333333,"value":{"__uuid__":"b8S8nooklEKqDcrdan3/Zu"}},{"frame":0.16666666666666666,"value":{"__uuid__":"catrZJpH5D4bPDVWZdEvrA"}},{"frame":0.25,"value":{"__uuid__":"b8S8nooklEKqDcrdan3/Zu"}}]}}}}}},[{"__type__":"cc.Prefab","_name":"redStraight ","data":{"__id__":1}},{"__type__":"cc.Node","_name":"redStraight","_children":[{"__id__":2}],"_components":[{"__type__":"cc.Sprite","node":{"__id__":1},"_spriteFrame":{"__uuid__":"e1QN7oLM5L1orqwfuvzbGp"},"_type":1,"_sizeMode":0},{"__type__":"cc.Animation","node":{"__id__":1},"_defaultClip":{"__uuid__":"06DsnjZUBLE66T4LraybPU"},"_clips":[{"__uuid__":"06DsnjZUBLE66T4LraybPU"}],"playOnLoad":true},{"__type__":"2567ddW4flIRr9ymsxz8doh","node":{"__id__":1}}],"_prefab":{"__type__":"cc.PrefabInfo","root":{"__id__":1},"asset":{"__uuid__":"9arNbo2thJuZHnTvYcn5Hp"},"fileId":"46zI4JfbhETLyalFynhyvO"},"_anchorPoint":{"__type__":"cc.Vec2","x":0.5,"y":1},"_contentSize":{"__type__":"cc.Size","width":21,"height":500},"_scaleX":2,"_position":{"__type__":"cc.Vec2","x":-682.5,"y":116.7}},{"__type__":"cc.Node","_name":"electric","_parent":{"__id__":1},"_components":[{"__type__":"cc.Sprite","node":{"__id__":2},"_spriteFrame":{"__uuid__":"b8S8nooklEKqDcrdan3/Zu"},"_type":2,"_sizeMode":0}],"_prefab":{"__type__":"cc.PrefabInfo","root":{"__id__":1},"asset":{"__uuid__":"9arNbo2thJuZHnTvYcn5Hp"},"fileId":"54YTj0GQJN/Y+3P2C7xUty"},"_anchorPoint":{"__type__":"cc.Vec2","x":1,"y":0.5},"_contentSize":{"__type__":"cc.Size","width":1000,"height":70},"_rotationX":-90,"_rotationY":-90,"_scaleX":0.5,"_scaleY":0.3,"_position":{"__type__":"cc.Vec2","y":20}}],{"__type__":"cc.SpriteFrame","content":{"name":"img_49","texture":"3dxi5YicdPqaYnT5IGhzrA","rect":[12,15,100,65],"offset":[0,-4.5],"originalSize":[124,86]}},{"__type__":"cc.SpriteFrame","content":{"name":"img_28","texture":"31A6UKq4RMYbLl6IUgJGWw","rect":[3,0,65,65],"offset":[-0.5,0],"originalSize":[72,65]}},{"__type__":"cc.SpriteFrame","content":{"name":"img_59","texture":"ebCziIguBJioA6F7xYq8hQ","rect":[0,0,21,25],"offset":[0,0],"originalSize":[21,25]}}]