[{"__type__":"cc.SpriteFrame","content":{"name":"bian","texture":"4e2g+6Ol9FYJk783UOEyKC","rect":[0,0,14,52],"offset":[0,0],"originalSize":[14,52]}},[{"__type__":"cc.Prefab","_name":"uiTip","data":{"__id__":1},"asyncLoadAssets":true},{"__type__":"cc.Node","_name":"uiTip","_children":[{"__id__":2},{"__id__":3},{"__id__":4},{"__id__":5}],"_components":[{"__type__":"7960fhCqglNqaW5JWJ8/Tdi","node":{"__id__":1}},{"__type__":"cc.Animation","node":{"__id__":1},"_defaultClip":{"__uuid__":"f8wpVoM2dFp5VuhHTYvZ93"},"_clips":[{"__uuid__":"f8wpVoM2dFp5VuhHTYvZ93"}],"playOnLoad":true}],"_prefab":{"__type__":"cc.PrefabInfo","root":{"__id__":1},"asset":{"__uuid__":"5bFW2PAdZI44++UH7HamLs"},"fileId":"42qbltPH5BtoPOLZClXH4c"}},{"__type__":"cc.Node","_name":"di","_parent":{"__id__":1},"_components":[{"__type__":"cc.Sprite","node":{"__id__":2},"_spriteFrame":{"__uuid__":"73cN2NN49HrJsWmhpGahqx"}}],"_prefab":{"__type__":"cc.PrefabInfo","root":{"__id__":1},"asset":{"__uuid__":"5bFW2PAdZI44++UH7HamLs"},"fileId":"f6TlarfwJEUYUIFjQ//iDy"},"_contentSize":{"__type__":"cc.Size","width":553,"height":44},"_scaleX":0},{"__type__":"cc.Node","_name":"bian","_parent":{"__id__":1},"_components":[{"__type__":"cc.Sprite","node":{"__id__":3},"_spriteFrame":{"__uuid__":"2dMWNoy2FI6olP8zOhaCLf"}}],"_prefab":{"__type__":"cc.PrefabInfo","root":{"__id__":1},"asset":{"__uuid__":"5bFW2PAdZI44++UH7HamLs"},"fileId":"52h67yZmdOJZirBzZF3O7r"},"_contentSize":{"__type__":"cc.Size","width":14,"height":52},"_position":{"__type__":"cc.Vec2","x":-4.4}},{"__type__":"cc.Node","_name":"bian2","_parent":{"__id__":1},"_components":[{"__type__":"cc.Sprite","node":{"__id__":4},"_spriteFrame":{"__uuid__":"2dMWNoy2FI6olP8zOhaCLf"}}],"_prefab":{"__type__":"cc.PrefabInfo","root":{"__id__":1},"asset":{"__uuid__":"5bFW2PAdZI44++UH7HamLs"},"fileId":"b1w+BmnolJ4qGNqW2HH1Ex"},"_contentSize":{"__type__":"cc.Size","width":14,"height":52},"_rotationX":180,"_rotationY":180,"_position":{"__type__":"cc.Vec2","x":4.2}},{"__type__":"cc.Node","_name":"key_tipLb","_parent":{"__id__":1},"_components":[{"__type__":"cc.Label","node":{"__id__":5},"_useOriginalSize":false,"_actualFontSize":30,"_fontSize":30,"_N$string":"网络连接断开","_N$horizontalAlign":1,"_N$verticalAlign":1}],"_prefab":{"__type__":"cc.PrefabInfo","root":{"__id__":1},"asset":{"__uuid__":"5bFW2PAdZI44++UH7HamLs"},"fileId":"a7K+CFk8lNRoNtzyg9OlG+"},"_color":{"__type__":"cc.Color","r":44,"g":44,"b":44},"_contentSize":{"__type__":"cc.Size","width":180,"height":40},"_scaleX":0}],{"__type__":"cc.SpriteFrame","content":{"name":"di","texture":"a8itd4FrVGEbuiSxBouxeP","rect":[0,0,553,44],"offset":[0,0],"originalSize":[553,44]}},{"__type__":"cc.AnimationClip","_name":"networkError","_duration":0.67,"curveData":{"paths":{"bian":{"props":{"position":[{"frame":0,"value":[-4.4,0]},{"frame":0.3333333333333333,"value":[-290,0]},{"frame":0.5,"value":[-260,0]},{"frame":0.6666666666666666,"value":[-270,0]}],"opacity":[{"frame":0,"value":80},{"frame":0.16666666666666666,"value":255}]}},"bian2":{"props":{"position":[{"frame":0,"value":[4.4,0]},{"frame":0.3333333333333333,"value":[290,0]},{"frame":0.5,"value":[260,0]},{"frame":0.6666666666666666,"value":[270,0]}],"opacity":[{"frame":0,"value":80},{"frame":0.16666666666666666,"value":255}]}},"di":{"props":{"scaleX":[{"frame":0,"value":0.02},{"frame":0.3333333333333333,"value":1.06},{"frame":0.5,"value":0.95},{"frame":0.6666666666666666,"value":1}]}},"key_tipLb":{"props":{"scaleX":[{"frame":0,"value":0},{"frame":0.16666666666666666,"value":1},{"frame":0.18333333333333332,"value":1.1},{"frame":0.3333333333333333,"value":1}]}}}}}]