[{"__type__":"cc.SpriteFrame","content":{"name":"rank-user1","texture":"07i7ksZ4ZBUIbc/P7Kg5Ve","rect":[0,0,168,140],"offset":[0,0],"originalSize":[168,140]}},{"__type__":"cc.SpriteFrame","content":{"name":"rank-user2","texture":"88JnAJlCdDAa2Njssla+6Z","rect":[0,0,132,136],"offset":[0,0],"originalSize":[132,136]}},{"__type__":"cc.SpriteFrame","content":{"name":"default_btn_disabled","texture":"71VhFCTINJM6/Ky3oX9nBT","rect":[0,0,40,40],"offset":[0,0],"originalSize":[40,40],"capInsets":[15,7,15,9]}},{"__type__":"cc.SpriteFrame","content":{"name":"def-user-squ","texture":"0bGYPGnDpC0Z1kvO5v+kq6","rect":[0,0,125,125],"offset":[0,0],"originalSize":[125,125]}},{"__type__":"cc.SpriteFrame","content":{"name":"rank-num2","texture":"53O6LvpdFGw7e5bZksWyPa","rect":[0,0,102,103],"offset":[0,0],"originalSize":[102,103]}},{"__type__":"cc.SpriteFrame","content":{"name":"rank-user3","texture":"75t/g+qMBNPrJei0D98m7b","rect":[0,0,120,127],"offset":[0,0],"originalSize":[120,127]}},{"__type__":"cc.SpriteFrame","content":{"name":"def-use","texture":"2751KuN5BJXItwhf2iwnex","rect":[0,0,131,131],"offset":[0,0],"originalSize":[131,131]}},{"__type__":"cc.SpriteFrame","content":{"name":"ver-rank-bg2","texture":"1fk8WjvghJqLgXJVdQcGnl","rect":[0,0,722,102],"offset":[0,0],"originalSize":[722,102]}},{"__type__":"cc.SpriteFrame","content":{"name":"btn-back","texture":"240MllMA5Pb53Ou3Jt3DLI","rect":[0,0,40,53],"offset":[0,0],"originalSize":[40,53]}},{"__type__":"cc.SpriteFrame","content":{"name":"rank-num","texture":"29p/b78tRLMZoy3Fnn/mqj","rect":[0,0,51,51],"offset":[0,0],"originalSize":[51,51]}},{"__type__":"cc.SpriteFrame","content":{"name":"rank-bg2","texture":"ffvk5FhCRDy5sou/8z9DR+","rect":[0,0,669,275],"offset":[0,0],"originalSize":[669,275]}},{"__type__":"cc.SpriteFrame","content":{"name":"ver-rank-bg","texture":"cecvpJQPJB6aPL6McUkfDv","rect":[0,0,750,1334],"offset":[0,0],"originalSize":[750,1334]}},{"__type__":"cc.SpriteFrame","content":{"name":"list-sign","texture":"8b2ts7l0pKcIBgG/dglgks","rect":[0,0,460,202],"offset":[0,0],"originalSize":[460,202]}},{"__type__":"cc.SpriteFrame","content":{"name":"default_btn_pressed","texture":"b4P/PCArtIdIH38t6mlw8Y","rect":[0,0,40,40],"offset":[0,0],"originalSize":[40,40],"capInsets":[11,11,11,7]}},[{"__type__":"cc.Prefab","_name":"uiRankPanelVer","data":{"__id__":1},"asyncLoadAssets":null},{"__type__":"cc.Node","_name":"uiRankPanelVer","_children":[{"__id__":2},{"__id__":6},{"__id__":15},{"__id__":24},{"__id__":33},{"__id__":34}],"_components":[{"__type__":"2c8cfg9bhVBM6dvwnWUt5qp","node":{"__id__":1},"rankPrefab":{"__id__":37},"rank1Node":{"__id__":6},"rank2Node":{"__id__":15},"rank3Node":{"__id__":24}}],"_prefab":{"__type__":"cc.PrefabInfo","root":{"__id__":1},"asset":{"__uuid__":"ecEZR3UQ9C752STTsv5CN7"},"fileId":"880CNDoItHeZ+ha0es6qcv"}},{"__type__":"cc.Node","_name":"BG","_parent":{"__id__":1},"_children":[{"__id__":3},{"__id__":4},{"__id__":5}],"_components":[{"__type__":"cc.Sprite","node":{"__id__":2},"_spriteFrame":{"__uuid__":"c4ELmANmNIHYjxREoDm2Ci"}},{"__type__":"cc.BlockInputEvents","node":{"__id__":2}}],"_prefab":{"__type__":"cc.PrefabInfo","root":{"__id__":1},"asset":{"__uuid__":"ecEZR3UQ9C752STTsv5CN7"},"fileId":"e939d8YDVCL5pGvTyR0kbl"},"_contentSize":{"__type__":"cc.Size","width":750,"height":1334}},{"__type__":"cc.Node","_name":"list-sign","_parent":{"__id__":2},"_components":[{"__type__":"cc.Sprite","node":{"__id__":3},"_spriteFrame":{"__uuid__":"c5EvCb4ONFpqUKlScw5gRP"},"_sizeMode":0}],"_prefab":{"__type__":"cc.PrefabInfo","root":{"__id__":1},"asset":{"__uuid__":"ecEZR3UQ9C752STTsv5CN7"},"fileId":"a4c7iYeohG2rKCCTneai7b"},"_contentSize":{"__type__":"cc.Size","width":500,"height":202},"_position":{"__type__":"cc.Vec2","y":444}},{"__type__":"cc.Node","_name":"rank-bg2","_parent":{"__id__":2},"_components":[{"__type__":"cc.Sprite","node":{"__id__":4},"_spriteFrame":{"__uuid__":"aacnVD99FAHpmO2SOnZdMK"},"_sizeMode":0}],"_prefab":{"__type__":"cc.PrefabInfo","root":{"__id__":1},"asset":{"__uuid__":"ecEZR3UQ9C752STTsv5CN7"},"fileId":"b0KAF5NidCH5lA/zvQJ9nL"},"_contentSize":{"__type__":"cc.Size","width":700,"height":275},"_position":{"__type__":"cc.Vec2","y":238}},{"__type__":"cc.Node","_name":"title","_parent":{"__id__":2},"_components":[{"__type__":"cc.Label","node":{"__id__":5},"_useOriginalSize":false,"_actualFontSize":60,"_fontSize":60,"_lineHeight":60,"_N$string":"全国排行榜","_N$horizontalAlign":1,"_N$verticalAlign":1},{"__type__":"cc.LabelOutline","node":{"__id__":5},"_color":{"__type__":"cc.Color","r":36,"g":44,"b":109},"_width":2}],"_prefab":{"__type__":"cc.PrefabInfo","root":{"__id__":1},"asset":{"__uuid__":"ecEZR3UQ9C752STTsv5CN7"},"fileId":"bdW8kuwr9HR5RR+dY75Qyw"},"_contentSize":{"__type__":"cc.Size","width":304,"height":60},"_position":{"__type__":"cc.Vec2","y":492}},{"__type__":"cc.Node","_name":"first","_parent":{"__id__":1},"_children":[{"__id__":7},{"__id__":10},{"__id__":12},{"__id__":14}],"_components":[{"__type__":"d3f88VVzr9Fk587sigdmFVb","node":{"__id__":6},"userNameLb":{"__id__":11},"userIcon":{"__id__":9},"userScoreLb":{"__id__":13}}],"_prefab":{"__type__":"cc.PrefabInfo","root":{"__id__":1},"asset":{"__uuid__":"ecEZR3UQ9C752STTsv5CN7"},"fileId":"39vUtNVf1GSbQ+qshuIMWh"},"_contentSize":{"__type__":"cc.Size","width":94,"height":94},"_position":{"__type__":"cc.Vec2","x":1.9,"y":265.9}},{"__type__":"cc.Node","_name":"maskLcon","_parent":{"__id__":6},"_children":[{"__id__":8}],"_components":[{"__type__":"cc.Mask","node":{"__id__":7},"_type":1}],"_prefab":{"__type__":"cc.PrefabInfo","root":{"__id__":1},"asset":{"__uuid__":"ecEZR3UQ9C752STTsv5CN7"},"fileId":"b5X8GNkNlB9JpiLO8Ouzxw"},"_contentSize":{"__type__":"cc.Size","width":94,"height":94}},{"__type__":"cc.Node","_name":"def-user-squ","_parent":{"__id__":7},"_components":[{"__id__":9}],"_prefab":{"__type__":"cc.PrefabInfo","root":{"__id__":1},"asset":{"__uuid__":"ecEZR3UQ9C752STTsv5CN7"},"fileId":"50JyOTuKBGAos35IMYCFf8"},"_contentSize":{"__type__":"cc.Size","width":125,"height":125},"_position":{"__type__":"cc.Vec2","x":-0.6,"y":-7.3}},{"__type__":"cc.Sprite","node":{"__id__":8},"_spriteFrame":{"__uuid__":"2doexITblPorBAstPch0RR"}},{"__type__":"cc.Node","_name":"name","_parent":{"__id__":6},"_components":[{"__id__":11},{"__type__":"cc.LabelOutline","node":{"__id__":10},"_color":{"__type__":"cc.Color","r":100,"g":81,"b":233}}],"_prefab":{"__type__":"cc.PrefabInfo","root":{"__id__":1},"asset":{"__uuid__":"ecEZR3UQ9C752STTsv5CN7"},"fileId":"1c+ITcKzJOrYs8ZVL02FSy"},"_contentSize":{"__type__":"cc.Size","width":146,"height":40},"_position":{"__type__":"cc.Vec2","x":-1.9,"y":-123.9}},{"__type__":"cc.Label","node":{"__id__":10},"_useOriginalSize":false,"_actualFontSize":24,"_fontSize":24,"_N$string":"第一厉害的人","_N$horizontalAlign":1,"_N$verticalAlign":1},{"__type__":"cc.Node","_name":"score","_parent":{"__id__":6},"_components":[{"__id__":13},{"__type__":"cc.LabelOutline","node":{"__id__":12}}],"_prefab":{"__type__":"cc.PrefabInfo","root":{"__id__":1},"asset":{"__uuid__":"ecEZR3UQ9C752STTsv5CN7"},"fileId":"e0tpPClq9HiJlomYbQrkvY"},"_color":{"__type__":"cc.Color","r":255,"g":192,"b":1},"_contentSize":{"__type__":"cc.Size","width":69,"height":40},"_position":{"__type__":"cc.Vec2","x":-0.9,"y":-88.9}},{"__type__":"cc.Label","node":{"__id__":12},"_useOriginalSize":false,"_actualFontSize":24,"_fontSize":24,"_N$string":"66666","_N$horizontalAlign":1,"_N$verticalAlign":1},{"__type__":"cc.Node","_name":"icon","_parent":{"__id__":6},"_components":[{"__type__":"cc.Sprite","node":{"__id__":14},"_spriteFrame":{"__uuid__":"08jWBa3jNGX4gEw4D37TGG"}}],"_prefab":{"__type__":"cc.PrefabInfo","root":{"__id__":1},"asset":{"__uuid__":"ecEZR3UQ9C752STTsv5CN7"},"fileId":"ecedkmBzVLNr8dR+sLTBFn"},"_contentSize":{"__type__":"cc.Size","width":168,"height":140},"_position":{"__type__":"cc.Vec2","x":-1.9,"y":7.1}},{"__type__":"cc.Node","_name":"second","_parent":{"__id__":1},"_children":[{"__id__":16},{"__id__":19},{"__id__":21},{"__id__":23}],"_components":[{"__type__":"d3f88VVzr9Fk587sigdmFVb","node":{"__id__":15},"userNameLb":{"__id__":20},"userIcon":{"__id__":18},"userScoreLb":{"__id__":22}}],"_prefab":{"__type__":"cc.PrefabInfo","root":{"__id__":1},"asset":{"__uuid__":"ecEZR3UQ9C752STTsv5CN7"},"fileId":"5fDsfOJwtKo4ZyH1xdI1uU"},"_contentSize":{"__type__":"cc.Size","width":94,"height":94},"_position":{"__type__":"cc.Vec2","x":-219,"y":270}},{"__type__":"cc.Node","_name":"maskLcon","_parent":{"__id__":15},"_children":[{"__id__":17}],"_components":[{"__type__":"cc.Mask","node":{"__id__":16},"_type":1}],"_prefab":{"__type__":"cc.PrefabInfo","root":{"__id__":1},"asset":{"__uuid__":"ecEZR3UQ9C752STTsv5CN7"},"fileId":"c9hlLL7VJK5rWuGt73Pi4v"},"_contentSize":{"__type__":"cc.Size","width":94,"height":94}},{"__type__":"cc.Node","_name":"def-user-squ","_parent":{"__id__":16},"_components":[{"__id__":18}],"_prefab":{"__type__":"cc.PrefabInfo","root":{"__id__":1},"asset":{"__uuid__":"ecEZR3UQ9C752STTsv5CN7"},"fileId":"a88TNyRxdGd7CyEykpBVt/"},"_contentSize":{"__type__":"cc.Size","width":125,"height":125},"_position":{"__type__":"cc.Vec2","x":-0.6,"y":-7.3}},{"__type__":"cc.Sprite","node":{"__id__":17},"_spriteFrame":{"__uuid__":"2doexITblPorBAstPch0RR"}},{"__type__":"cc.Node","_name":"name","_parent":{"__id__":15},"_components":[{"__id__":20},{"__type__":"cc.LabelOutline","node":{"__id__":19},"_color":{"__type__":"cc.Color","r":100,"g":81,"b":233}}],"_prefab":{"__type__":"cc.PrefabInfo","root":{"__id__":1},"asset":{"__uuid__":"ecEZR3UQ9C752STTsv5CN7"},"fileId":"82D+4zL21FUaXFQ8yIDWSW"},"_contentSize":{"__type__":"cc.Size","width":146,"height":40},"_position":{"__type__":"cc.Vec2","x":-1,"y":-128}},{"__type__":"cc.Label","node":{"__id__":19},"_useOriginalSize":false,"_actualFontSize":24,"_fontSize":24,"_N$string":"第二厉害的人","_N$horizontalAlign":1,"_N$verticalAlign":1},{"__type__":"cc.Node","_name":"score","_parent":{"__id__":15},"_components":[{"__id__":22},{"__type__":"cc.LabelOutline","node":{"__id__":21}}],"_prefab":{"__type__":"cc.PrefabInfo","root":{"__id__":1},"asset":{"__uuid__":"ecEZR3UQ9C752STTsv5CN7"},"fileId":"bemZls0n1M5b3udZwV9uzK"},"_color":{"__type__":"cc.Color","r":237,"g":70,"b":36},"_contentSize":{"__type__":"cc.Size","width":69,"height":40},"_position":{"__type__":"cc.Vec2","x":-1,"y":-97}},{"__type__":"cc.Label","node":{"__id__":21},"_useOriginalSize":false,"_actualFontSize":24,"_fontSize":24,"_N$string":"66666","_N$horizontalAlign":1,"_N$verticalAlign":1},{"__type__":"cc.Node","_name":"icon","_parent":{"__id__":15},"_components":[{"__type__":"cc.Sprite","node":{"__id__":23},"_spriteFrame":{"__uuid__":"84MwbrwGZGf50TKkuToDvw"}}],"_prefab":{"__type__":"cc.PrefabInfo","root":{"__id__":1},"asset":{"__uuid__":"ecEZR3UQ9C752STTsv5CN7"},"fileId":"d6fGbGkTpNpLZ+sGtviz2J"},"_contentSize":{"__type__":"cc.Size","width":120,"height":127},"_position":{"__type__":"cc.Vec2","x":-1,"y":-5}},{"__type__":"cc.Node","_name":"third","_parent":{"__id__":1},"_children":[{"__id__":25},{"__id__":28},{"__id__":30},{"__id__":32}],"_components":[{"__type__":"d3f88VVzr9Fk587sigdmFVb","node":{"__id__":24},"userNameLb":{"__id__":29},"userIcon":{"__id__":27},"userScoreLb":{"__id__":31}}],"_prefab":{"__type__":"cc.PrefabInfo","root":{"__id__":1},"asset":{"__uuid__":"ecEZR3UQ9C752STTsv5CN7"},"fileId":"a8GQtPuNpK+bxvB/Br6myl"},"_contentSize":{"__type__":"cc.Size","width":94,"height":94},"_position":{"__type__":"cc.Vec2","x":220,"y":267}},{"__type__":"cc.Node","_name":"maskLcon","_parent":{"__id__":24},"_children":[{"__id__":26}],"_components":[{"__type__":"cc.Mask","node":{"__id__":25},"_type":1}],"_prefab":{"__type__":"cc.PrefabInfo","root":{"__id__":1},"asset":{"__uuid__":"ecEZR3UQ9C752STTsv5CN7"},"fileId":"fbCg+K/VhOXo33FZIjIHqZ"},"_contentSize":{"__type__":"cc.Size","width":94,"height":94}},{"__type__":"cc.Node","_name":"def-user-squ","_parent":{"__id__":25},"_components":[{"__id__":27}],"_prefab":{"__type__":"cc.PrefabInfo","root":{"__id__":1},"asset":{"__uuid__":"ecEZR3UQ9C752STTsv5CN7"},"fileId":"4eqE5CY/xOsYpf5RDKmEB8"},"_contentSize":{"__type__":"cc.Size","width":125,"height":125},"_position":{"__type__":"cc.Vec2","x":-0.6,"y":-7.3}},{"__type__":"cc.Sprite","node":{"__id__":26},"_spriteFrame":{"__uuid__":"2doexITblPorBAstPch0RR"}},{"__type__":"cc.Node","_name":"name","_parent":{"__id__":24},"_components":[{"__id__":29},{"__type__":"cc.LabelOutline","node":{"__id__":28},"_color":{"__type__":"cc.Color","r":100,"g":81,"b":233}}],"_prefab":{"__type__":"cc.PrefabInfo","root":{"__id__":1},"asset":{"__uuid__":"ecEZR3UQ9C752STTsv5CN7"},"fileId":"72I+M5DZBKNrTYjjPo6AG3"},"_contentSize":{"__type__":"cc.Size","width":146,"height":40},"_position":{"__type__":"cc.Vec2","y":-125}},{"__type__":"cc.Label","node":{"__id__":28},"_useOriginalSize":false,"_actualFontSize":24,"_fontSize":24,"_N$string":"第三厉害的人","_N$horizontalAlign":1,"_N$verticalAlign":1},{"__type__":"cc.Node","_name":"score","_parent":{"__id__":24},"_components":[{"__id__":31},{"__type__":"cc.LabelOutline","node":{"__id__":30}}],"_prefab":{"__type__":"cc.PrefabInfo","root":{"__id__":1},"asset":{"__uuid__":"ecEZR3UQ9C752STTsv5CN7"},"fileId":"87VT0PFJZJdKonmBsVE+Db"},"_color":{"__type__":"cc.Color","r":21,"g":179,"b":244},"_contentSize":{"__type__":"cc.Size","width":69,"height":40},"_position":{"__type__":"cc.Vec2","y":-94}},{"__type__":"cc.Label","node":{"__id__":30},"_useOriginalSize":false,"_actualFontSize":24,"_fontSize":24,"_N$string":"66666","_N$horizontalAlign":1,"_N$verticalAlign":1},{"__type__":"cc.Node","_name":"icon","_parent":{"__id__":24},"_components":[{"__type__":"cc.Sprite","node":{"__id__":32},"_spriteFrame":{"__uuid__":"1fmkV3hl5N2qERmNasS1cn"}}],"_prefab":{"__type__":"cc.PrefabInfo","root":{"__id__":1},"asset":{"__uuid__":"ecEZR3UQ9C752STTsv5CN7"},"fileId":"8b3318arhEY55M6L85b06B"},"_contentSize":{"__type__":"cc.Size","width":132,"height":136},"_position":{"__type__":"cc.Vec2","y":-2}},{"__type__":"cc.Node","_name":"key_exit","_parent":{"__id__":1},"_components":[{"__type__":"cc.Sprite","node":{"__id__":33},"_spriteFrame":{"__uuid__":"a0bJm8FMxGhr4Ba1AUDQh3"},"_type":1,"_sizeMode":2},{"__type__":"cc.Button","node":{"__id__":33},"transition":1,"pressedColor":{"__type__":"cc.Color","r":184,"g":184,"b":184},"_N$normalColor":{"__type__":"cc.Color","r":255,"g":255,"b":255},"_N$disabledColor":{"__type__":"cc.Color","r":255,"g":255,"b":255},"_N$normalSprite":{"__uuid__":"a0bJm8FMxGhr4Ba1AUDQh3"},"_N$pressedSprite":{"__uuid__":"e97GVMl6JHh5Ml5qEDdSGa"},"pressedSprite":{"__uuid__":"e97GVMl6JHh5Ml5qEDdSGa"},"_N$hoverSprite":{"__uuid__":"e97GVMl6JHh5Ml5qEDdSGa"},"hoverSprite":{"__uuid__":"e97GVMl6JHh5Ml5qEDdSGa"},"_N$disabledSprite":{"__uuid__":"29FYIk+N1GYaeWH/q1NxQO"},"_N$target":{"__id__":33}}],"_prefab":{"__type__":"cc.PrefabInfo","root":{"__id__":1},"asset":{"__uuid__":"ecEZR3UQ9C752STTsv5CN7"},"fileId":"7dHMWkmthOtpFLcOmjwZeY"},"_contentSize":{"__type__":"cc.Size","width":40,"height":53},"_position":{"__type__":"cc.Vec2","x":-311,"y":496}},{"__type__":"cc.Node","_name":"ScrollView","_parent":{"__id__":1},"_children":[{"__id__":35}],"_components":[{"__type__":"cc.ScrollView","node":{"__id__":34},"content":{"__id__":36},"horizontal":false,"brake":0.75,"bounceDuration":0.23,"_N$horizontalScrollBar":null,"_N$verticalScrollBar":null}],"_prefab":{"__type__":"cc.PrefabInfo","root":{"__id__":1},"asset":{"__uuid__":"ecEZR3UQ9C752STTsv5CN7"},"fileId":"13Vvxcg/dPSYHLK24fytCX"},"_color":{"__type__":"cc.Color","r":184,"g":184,"b":184},"_contentSize":{"__type__":"cc.Size","width":720,"height":750},"_position":{"__type__":"cc.Vec2","x":7,"y":-281}},{"__type__":"cc.Node","_name":"view","_parent":{"__id__":34},"_children":[{"__id__":36}],"_components":[{"__type__":"cc.Mask","node":{"__id__":35}}],"_prefab":{"__type__":"cc.PrefabInfo","root":{"__id__":1},"asset":{"__uuid__":"ecEZR3UQ9C752STTsv5CN7"},"fileId":"9bPI4k2wtI+o8JIyciXlM4"},"_contentSize":{"__type__":"cc.Size","width":720,"height":750}},{"__type__":"cc.Node","_name":"content","_parent":{"__id__":35},"_children":[{"__id__":37}],"_components":[{"__type__":"cc.Layout","node":{"__id__":36},"_layoutSize":{"__type__":"cc.Size","width":131,"height":102},"_resize":1,"_N$layoutType":2}],"_prefab":{"__type__":"cc.PrefabInfo","root":{"__id__":1},"asset":{"__uuid__":"ecEZR3UQ9C752STTsv5CN7"},"fileId":"f3GftJdLZJ47576s9pIPQr"},"_anchorPoint":{"__type__":"cc.Vec2","x":0.5,"y":1},"_contentSize":{"__type__":"cc.Size","width":131,"height":102},"_position":{"__type__":"cc.Vec2","y":371}},{"__type__":"cc.Node","_name":"rankItem","_parent":{"__id__":36},"_children":[{"__id__":38},{"__id__":41},{"__id__":42},{"__id__":45},{"__id__":47}],"_components":[{"__type__":"cc.Sprite","node":{"__id__":37},"_spriteFrame":{"__uuid__":"9cMG3VMG5AxKG6WFHdA17M"}},{"__type__":"d3f88VVzr9Fk587sigdmFVb","node":{"__id__":37},"rankCntLb":{"__id__":44},"userNameLb":{"__id__":46},"userIcon":{"__id__":40},"userScoreLb":{"__id__":48}}],"_prefab":{"__type__":"cc.PrefabInfo","root":{"__id__":1},"asset":{"__uuid__":"ecEZR3UQ9C752STTsv5CN7"},"fileId":"6f3rnjuwdNs4SRC5mzWp6g"},"_contentSize":{"__type__":"cc.Size","width":722,"height":102},"_position":{"__type__":"cc.Vec2","x":-7,"y":-51}},{"__type__":"cc.Node","_name":"maskLcon","_parent":{"__id__":37},"_children":[{"__id__":39}],"_components":[{"__type__":"cc.Mask","node":{"__id__":38},"_type":1}],"_prefab":{"__type__":"cc.PrefabInfo","root":{"__id__":1},"asset":{"__uuid__":"ecEZR3UQ9C752STTsv5CN7"},"fileId":"aab9L4behFOoaz83zdKGD9"},"_contentSize":{"__type__":"cc.Size","width":74,"height":74},"_position":{"__type__":"cc.Vec2","x":-180}},{"__type__":"cc.Node","_name":"def-use","_parent":{"__id__":38},"_components":[{"__id__":40}],"_prefab":{"__type__":"cc.PrefabInfo","root":{"__id__":1},"asset":{"__uuid__":"ecEZR3UQ9C752STTsv5CN7"},"fileId":"0a9fp1EeZPJom6Bp2y34lZ"},"_contentSize":{"__type__":"cc.Size","width":74,"height":74}},{"__type__":"cc.Sprite","node":{"__id__":39},"_spriteFrame":{"__uuid__":"8budMyT15FULZJN+/X8JP2"},"_sizeMode":0},{"__type__":"cc.Node","_name":"rank-num2","_parent":{"__id__":37},"_components":[{"__type__":"cc.Sprite","node":{"__id__":41},"_spriteFrame":{"__uuid__":"5aGGiLjbZHC6qJbydOt1RM"},"_sizeMode":0}],"_prefab":{"__type__":"cc.PrefabInfo","root":{"__id__":1},"asset":{"__uuid__":"ecEZR3UQ9C752STTsv5CN7"},"fileId":"a1oT3wIj1Dwqa7OU13jzSm"},"_contentSize":{"__type__":"cc.Size","width":102,"height":102},"_position":{"__type__":"cc.Vec2","x":-180}},{"__type__":"cc.Node","_name":"rank-num","_parent":{"__id__":37},"_children":[{"__id__":43}],"_components":[{"__type__":"cc.Sprite","node":{"__id__":42},"_spriteFrame":{"__uuid__":"a83NL8xshDFoDy9Px/Na2C"}}],"_prefab":{"__type__":"cc.PrefabInfo","root":{"__id__":1},"asset":{"__uuid__":"ecEZR3UQ9C752STTsv5CN7"},"fileId":"efGN5Haw5Lh6x4lvq4d3a7"},"_contentSize":{"__type__":"cc.Size","width":51,"height":51},"_position":{"__type__":"cc.Vec2","x":-308}},{"__type__":"cc.Node","_name":"rankCnt","_parent":{"__id__":42},"_components":[{"__id__":44},{"__type__":"cc.LabelOutline","node":{"__id__":43},"_color":{"__type__":"cc.Color","r":36,"g":44,"b":109},"_width":2}],"_prefab":{"__type__":"cc.PrefabInfo","root":{"__id__":1},"asset":{"__uuid__":"ecEZR3UQ9C752STTsv5CN7"},"fileId":"3e4y7M4c5HMIfVODU8dIK5"},"_contentSize":{"__type__":"cc.Size","width":24,"height":40}},{"__type__":"cc.Label","node":{"__id__":43},"_useOriginalSize":false,"_actualFontSize":36,"_fontSize":36,"_N$string":"4","_N$horizontalAlign":1,"_N$verticalAlign":1},{"__type__":"cc.Node","_name":"nickName","_parent":{"__id__":37},"_components":[{"__id__":46},{"__type__":"cc.LabelOutline","node":{"__id__":45},"_color":{"__type__":"cc.Color","r":100,"g":81,"b":233},"_width":2}],"_prefab":{"__type__":"cc.PrefabInfo","root":{"__id__":1},"asset":{"__uuid__":"ecEZR3UQ9C752STTsv5CN7"},"fileId":"da9kplt8xLIa8pAzQiZMBy"},"_contentSize":{"__type__":"cc.Size","width":84,"height":40},"_position":{"__type__":"cc.Vec2","x":-50}},{"__type__":"cc.Label","node":{"__id__":45},"_useOriginalSize":false,"_N$string":"昵称","_N$horizontalAlign":1,"_N$verticalAlign":1},{"__type__":"cc.Node","_name":"score","_parent":{"__id__":37},"_components":[{"__id__":48},{"__type__":"cc.LabelOutline","node":{"__id__":47},"_color":{"__type__":"cc.Color","r":55,"g":45,"b":131},"_width":2}],"_prefab":{"__type__":"cc.PrefabInfo","root":{"__id__":1},"asset":{"__uuid__":"ecEZR3UQ9C752STTsv5CN7"},"fileId":"e25rdPJFRGpYBsH1dJqOFt"},"_contentSize":{"__type__":"cc.Size","width":115,"height":40},"_position":{"__type__":"cc.Vec2","x":259}},{"__type__":"cc.Label","node":{"__id__":47},"_useOriginalSize":false,"_N$string":"66666","_N$horizontalAlign":1,"_N$verticalAlign":1}]]