[{"__type__":"cc.SpriteFrame","content":{"name":"friendsRanking","texture":"233Ni/PdpMJJcIAxaaL2J9","rect":[0,0,254,114],"offset":[0,0],"originalSize":[254,114]}},{"__type__":"cc.SpriteFrame","content":{"name":"dating-btn","texture":"68Swe655VBuqhc99jV69xb","rect":[0,0,524,114],"offset":[0,0],"originalSize":[524,114]}},{"__type__":"cc.SpriteFrame","content":{"name":"default_btn_disabled","texture":"71VhFCTINJM6/Ky3oX9nBT","rect":[0,0,40,40],"offset":[0,0],"originalSize":[40,40],"capInsets":[15,7,15,9]}},{"__type__":"cc.SpriteFrame","content":{"name":"bot-bg","texture":"7fUs+vVAhOeZWIMF7VrInW","rect":[0,0,750,1334],"offset":[0,0],"originalSize":[750,1334]}},{"__type__":"cc.SpriteFrame","content":{"name":"startGame","texture":"f60IJjjixHeo8O+55pl+qB","rect":[0,0,524,114],"offset":[0,0],"originalSize":[524,114]}},{"__type__":"cc.SpriteFrame","content":{"name":"worldRanking","texture":"4dqwDXbf5JO7tzENs9mJI8","rect":[0,0,254,114],"offset":[0,0],"originalSize":[254,114]}},{"__type__":"cc.SpriteFrame","content":{"name":"default_btn_pressed","texture":"b4P/PCArtIdIH38t6mlw8Y","rect":[0,0,40,40],"offset":[0,0],"originalSize":[40,40],"capInsets":[11,11,11,7]}},[{"__type__":"cc.Prefab","_name":"uiLogin","data":{"__id__":1},"asyncLoadAssets":null},{"__type__":"cc.Node","_name":"uiLogin","_children":[{"__id__":2},{"__id__":3},{"__id__":4},{"__id__":5},{"__id__":6}],"_components":[{"__type__":"fb82d5Sr/1JnZbeK/r8ui/t","node":{"__id__":1}}],"_prefab":{"__type__":"cc.PrefabInfo","root":{"__id__":1},"asset":{"__uuid__":"ecWPSJMLJNM7hiVKoWJ1mF"},"fileId":"e2Z7hRMQhP26XA2V71hMU3"},"_contentSize":{"__type__":"cc.Size","width":750,"height":1334}},{"__type__":"cc.Node","_name":"bot-bg","_parent":{"__id__":1},"_components":[{"__type__":"cc.Sprite","node":{"__id__":2},"_spriteFrame":{"__uuid__":"2ctOeSe9dItqBrPmWIGYd4"}}],"_prefab":{"__type__":"cc.PrefabInfo","root":{"__id__":1},"asset":{"__uuid__":"ecWPSJMLJNM7hiVKoWJ1mF"},"fileId":"54xjNymkxOL4lGdpsgFYQO"},"_contentSize":{"__type__":"cc.Size","width":750,"height":1334}},{"__type__":"cc.Node","_name":"key_start","_parent":{"__id__":1},"_components":[{"__type__":"cc.Sprite","node":{"__id__":3},"_spriteFrame":{"__uuid__":"8d1nf8IbhAnIeA+oeApsue"},"_type":1,"_sizeMode":2,"_isTrimmedMode":false},{"__type__":"cc.Button","node":{"__id__":3},"transition":1,"pressedColor":{"__type__":"cc.Color","r":221,"g":213,"b":213},"hoverColor":{"__type__":"cc.Color","r":216,"g":210,"b":210},"_N$normalColor":{"__type__":"cc.Color","r":255,"g":255,"b":255},"_N$disabledColor":{"__type__":"cc.Color","r":255,"g":255,"b":255},"_N$normalSprite":{"__uuid__":"24bYG6pqNLc5vtx31LQRta"},"_N$pressedSprite":{"__uuid__":"e97GVMl6JHh5Ml5qEDdSGa"},"pressedSprite":{"__uuid__":"e97GVMl6JHh5Ml5qEDdSGa"},"_N$hoverSprite":{"__uuid__":"e97GVMl6JHh5Ml5qEDdSGa"},"hoverSprite":{"__uuid__":"e97GVMl6JHh5Ml5qEDdSGa"},"_N$disabledSprite":{"__uuid__":"29FYIk+N1GYaeWH/q1NxQO"},"_N$target":{"__id__":3}}],"_prefab":{"__type__":"cc.PrefabInfo","root":{"__id__":1},"asset":{"__uuid__":"ecWPSJMLJNM7hiVKoWJ1mF"},"fileId":"e9ddMTniFOkpUJfl9xrMpg"},"_contentSize":{"__type__":"cc.Size","width":524,"height":114},"_position":{"__type__":"cc.Vec2","y":-228}},{"__type__":"cc.Node","_name":"xiaojilogo","_parent":{"__id__":1},"_components":[{"__type__":"cc.Sprite","node":{"__id__":4}}],"_prefab":{"__type__":"cc.PrefabInfo","root":{"__id__":1},"asset":{"__uuid__":"ecWPSJMLJNM7hiVKoWJ1mF"},"fileId":"4dzfbw7jVFwIC3MGEPt/6X"},"_contentSize":{"__type__":"cc.Size","width":456,"height":290},"_position":{"__type__":"cc.Vec2","x":-6,"y":268}},{"__type__":"cc.Node","_name":"worldRanking","_parent":{"__id__":1},"_components":[{"__type__":"cc.Sprite","node":{"__id__":5},"_spriteFrame":{"__uuid__":"ca3HOB6P9IXqtLBEACjaEr"},"_sizeMode":2,"_isTrimmedMode":false}],"_prefab":{"__type__":"cc.PrefabInfo","root":{"__id__":1},"asset":{"__uuid__":"ecWPSJMLJNM7hiVKoWJ1mF"},"fileId":"f7yAVl+EdJrpKr3+5fdFFH"},"_contentSize":{"__type__":"cc.Size","width":254,"height":114},"_position":{"__type__":"cc.Vec2","x":130,"y":-350}},{"__type__":"cc.Node","_name":"friendsRanking","_parent":{"__id__":1},"_components":[{"__type__":"cc.Sprite","node":{"__id__":6},"_spriteFrame":{"__uuid__":"01nhDYTTpCBaBiYfcPouQt"},"_sizeMode":2,"_isTrimmedMode":false}],"_prefab":{"__type__":"cc.PrefabInfo","root":{"__id__":1},"asset":{"__uuid__":"ecWPSJMLJNM7hiVKoWJ1mF"},"fileId":"b1bxQstKtGB5GbwO2KdOUX"},"_contentSize":{"__type__":"cc.Size","width":254,"height":114},"_position":{"__type__":"cc.Vec2","x":-130,"y":-350}}]]