[{"__type__":"cc.SpriteFrame","content":{"name":"vs","texture":"85aDnPX7pB6LkM7n2toeG1","rect":[0,0,84,52],"offset":[0,0],"originalSize":[84,52]}},{"__type__":"cc.SpriteFrame","content":{"name":"play-user1","texture":"c2H/AREwtBM7tGdfsBeVzm","rect":[0,0,187,187],"offset":[0,0],"originalSize":[187,187]}},{"__type__":"cc.SpriteFrame","content":{"name":"cpm-logo","texture":"25MYgUIdtOFoi62fBaQOiL","rect":[0,0,623,543],"offset":[0,0],"originalSize":[623,543]}},[{"__type__":"cc.Prefab","_name":"uiMatching1v1Ver","data":{"__id__":1},"asyncLoadAssets":null},{"__type__":"cc.Node","_name":"uiMatching1v1","_children":[{"__id__":2},{"__id__":3},{"__id__":4},{"__id__":10},{"__id__":16},{"__id__":18}],"_components":[{"__type__":"705085fc89PIavCo9Cf1kbp","node":{"__id__":1},"playerIcons":[{"__id__":4},{"__id__":10}]}],"_prefab":{"__type__":"cc.PrefabInfo","root":{"__id__":1},"asset":{"__uuid__":"7e660oDKRJXq+6ysSTFjV8"},"fileId":"f0WLfF2AVKeawJKyZpnYBu"}},{"__type__":"cc.Node","_name":"ver-con-bg","_parent":{"__id__":1},"_components":[{"__type__":"cc.Sprite","node":{"__id__":2},"_spriteFrame":{"__uuid__":"b1ISyKq+5AP6UQ7w2jnoLy"}},{"__type__":"cc.Button","node":{"__id__":2},"_N$target":{"__id__":2}}],"_prefab":{"__type__":"cc.PrefabInfo","root":{"__id__":1},"asset":{"__uuid__":"7e660oDKRJXq+6ysSTFjV8"},"fileId":"10xT/Hn8VMe4tAQ+Z24sr8"},"_contentSize":{"__type__":"cc.Size","width":750,"height":1334}},{"__type__":"cc.Node","_name":"cpm-logo","_parent":{"__id__":1},"_components":[{"__type__":"cc.Sprite","node":{"__id__":3},"_spriteFrame":{"__uuid__":"6ft6jgcoJGjJ1exPzr2pFH"}}],"_prefab":{"__type__":"cc.PrefabInfo","root":{"__id__":1},"asset":{"__uuid__":"7e660oDKRJXq+6ysSTFjV8"},"fileId":"6fQWeg2vZJNY7HcfiZ+rd+"},"_contentSize":{"__type__":"cc.Size","width":623,"height":543},"_position":{"__type__":"cc.Vec2","y":129}},{"__type__":"cc.Node","_name":"key_playerIcon1","_parent":{"__id__":1},"_children":[{"__id__":5},{"__id__":6},{"__id__":9}],"_components":[{"__type__":"7c5b0PM5GxL454wtQ2uJEdQ","node":{"__id__":4},"playerSprite":{"__id__":8}}],"_prefab":{"__type__":"cc.PrefabInfo","root":{"__id__":1},"asset":{"__uuid__":"7e660oDKRJXq+6ysSTFjV8"},"fileId":"167GhI7MZNspAnh+T4hFBF"},"_contentSize":{"__type__":"cc.Size","width":100},"_position":{"__type__":"cc.Vec2","x":-182,"y":27}},{"__type__":"cc.Node","_name":"play-user2","_parent":{"__id__":4},"_components":[{"__type__":"cc.Sprite","node":{"__id__":5},"_spriteFrame":{"__uuid__":"e8YY3I97JKbboWOiGyDWPg"}}],"_prefab":{"__type__":"cc.PrefabInfo","root":{"__id__":1},"asset":{"__uuid__":"7e660oDKRJXq+6ysSTFjV8"},"fileId":"07Dg+zpjZBTIMYjMsOyB+7"},"_contentSize":{"__type__":"cc.Size","width":190,"height":190},"_position":{"__type__":"cc.Vec2","x":6,"y":9}},{"__type__":"cc.Node","_name":"lconMask","_parent":{"__id__":4},"_children":[{"__id__":7}],"_components":[{"__type__":"cc.Mask","node":{"__id__":6},"_type":1,"_segements":300}],"_prefab":{"__type__":"cc.PrefabInfo","root":{"__id__":1},"asset":{"__uuid__":"7e660oDKRJXq+6ysSTFjV8"},"fileId":"71hlToxYdGor88xD5X9D5y"},"_contentSize":{"__type__":"cc.Size","width":160,"height":160},"_position":{"__type__":"cc.Vec2","x":5.3,"y":7.4}},{"__type__":"cc.Node","_name":"def-use","_parent":{"__id__":6},"_components":[{"__id__":8}],"_prefab":{"__type__":"cc.PrefabInfo","root":{"__id__":1},"asset":{"__uuid__":"7e660oDKRJXq+6ysSTFjV8"},"fileId":"2bj0Gv3n5JzqaBaow8yfOU"},"_contentSize":{"__type__":"cc.Size","width":170,"height":170}},{"__type__":"cc.Sprite","node":{"__id__":7},"_spriteFrame":{"__uuid__":"8budMyT15FULZJN+/X8JP2"},"_sizeMode":0},{"__type__":"cc.Node","_name":"play-user1","_parent":{"__id__":4},"_components":[{"__type__":"cc.Sprite","node":{"__id__":9},"_spriteFrame":{"__uuid__":"2bktu0pedAur+K4U2LA8v6"}}],"_prefab":{"__type__":"cc.PrefabInfo","root":{"__id__":1},"asset":{"__uuid__":"7e660oDKRJXq+6ysSTFjV8"},"fileId":"eb9KZA7AZMaayuoz7r7i+O"},"_contentSize":{"__type__":"cc.Size","width":187,"height":187},"_position":{"__type__":"cc.Vec2","x":5,"y":9}},{"__type__":"cc.Node","_name":"key_playerIcon2","_parent":{"__id__":1},"_children":[{"__id__":11},{"__id__":12},{"__id__":15}],"_components":[{"__type__":"7c5b0PM5GxL454wtQ2uJEdQ","node":{"__id__":10},"playerSprite":{"__id__":14}}],"_prefab":{"__type__":"cc.PrefabInfo","root":{"__id__":1},"asset":{"__uuid__":"7e660oDKRJXq+6ysSTFjV8"},"fileId":"4b8sdi8rJPjaR2IEOXrVcs"},"_contentSize":{"__type__":"cc.Size","width":100},"_position":{"__type__":"cc.Vec2","x":167,"y":27}},{"__type__":"cc.Node","_name":"play-user2","_parent":{"__id__":10},"_components":[{"__type__":"cc.Sprite","node":{"__id__":11},"_spriteFrame":{"__uuid__":"e8YY3I97JKbboWOiGyDWPg"}}],"_prefab":{"__type__":"cc.PrefabInfo","root":{"__id__":1},"asset":{"__uuid__":"7e660oDKRJXq+6ysSTFjV8"},"fileId":"3cyQ7VFj5GMZ+cKv8fAY2W"},"_contentSize":{"__type__":"cc.Size","width":190,"height":190},"_position":{"__type__":"cc.Vec2","x":6,"y":9}},{"__type__":"cc.Node","_name":"lconMask","_parent":{"__id__":10},"_children":[{"__id__":13}],"_components":[{"__type__":"cc.Mask","node":{"__id__":12},"_type":1,"_segements":300}],"_prefab":{"__type__":"cc.PrefabInfo","root":{"__id__":1},"asset":{"__uuid__":"7e660oDKRJXq+6ysSTFjV8"},"fileId":"24oEPWQu5FULQ73YStBOB5"},"_contentSize":{"__type__":"cc.Size","width":160,"height":160},"_position":{"__type__":"cc.Vec2","x":8,"y":4}},{"__type__":"cc.Node","_name":"def-use","_parent":{"__id__":12},"_components":[{"__id__":14}],"_prefab":{"__type__":"cc.PrefabInfo","root":{"__id__":1},"asset":{"__uuid__":"7e660oDKRJXq+6ysSTFjV8"},"fileId":"a67FXdVFVGA4VabM3x/Gb7"},"_contentSize":{"__type__":"cc.Size","width":170,"height":170},"_position":{"__type__":"cc.Vec2","x":-4,"y":7}},{"__type__":"cc.Sprite","node":{"__id__":13},"_spriteFrame":{"__uuid__":"8budMyT15FULZJN+/X8JP2"},"_sizeMode":0},{"__type__":"cc.Node","_name":"play-user1","_parent":{"__id__":10},"_components":[{"__type__":"cc.Sprite","node":{"__id__":15},"_spriteFrame":{"__uuid__":"2bktu0pedAur+K4U2LA8v6"}}],"_prefab":{"__type__":"cc.PrefabInfo","root":{"__id__":1},"asset":{"__uuid__":"7e660oDKRJXq+6ysSTFjV8"},"fileId":"92v/vchVBJ6pCUH3VkgPg+"},"_contentSize":{"__type__":"cc.Size","width":187,"height":187},"_position":{"__type__":"cc.Vec2","x":5,"y":9}},{"__type__":"cc.Node","_name":"key_quit","_parent":{"__id__":1},"_children":[{"__id__":17}],"_components":[{"__type__":"cc.Sprite","node":{"__id__":16},"_spriteFrame":{"__uuid__":"9dL14loyJETqgbc7RpoO3r"}},{"__type__":"cc.Button","node":{"__id__":16},"transition":1,"_N$target":{"__id__":16}}],"_prefab":{"__type__":"cc.PrefabInfo","root":{"__id__":1},"asset":{"__uuid__":"7e660oDKRJXq+6ysSTFjV8"},"fileId":"08DCiHPppPzaLflYy6JnyX"},"_color":{"__type__":"cc.Color","r":214,"g":214,"b":214},"_contentSize":{"__type__":"cc.Size","width":260,"height":70},"_position":{"__type__":"cc.Vec2","y":-225}},{"__type__":"cc.Node","_name":"label","_parent":{"__id__":16},"_components":[{"__type__":"cc.Label","node":{"__id__":17},"_useOriginalSize":false,"_N$string":"取消","_N$horizontalAlign":1,"_N$verticalAlign":1}],"_prefab":{"__type__":"cc.PrefabInfo","root":{"__id__":1},"asset":{"__uuid__":"7e660oDKRJXq+6ysSTFjV8"},"fileId":"abEQJlRqdCjLR4XLlS3lxs"},"_contentSize":{"__type__":"cc.Size","width":80,"height":40},"_position":{"__type__":"cc.Vec2","y":-2}},{"__type__":"cc.Node","_name":"vs","_parent":{"__id__":1},"_components":[{"__type__":"cc.Sprite","node":{"__id__":18},"_spriteFrame":{"__uuid__":"23yl/e8upPl5m8kfVzurXj"}}],"_prefab":{"__type__":"cc.PrefabInfo","root":{"__id__":1},"asset":{"__uuid__":"7e660oDKRJXq+6ysSTFjV8"},"fileId":"a2uG3zZmBIYqAzhpQE1Wci"},"_contentSize":{"__type__":"cc.Size","width":84,"height":52},"_position":{"__type__":"cc.Vec2","y":29}}],{"__type__":"cc.SpriteFrame","content":{"name":"def-use","texture":"2751KuN5BJXItwhf2iwnex","rect":[0,0,131,131],"offset":[0,0],"originalSize":[131,131]}},{"__type__":"cc.SpriteFrame","content":{"name":"home-btn5","texture":"5dSL89GjdEg6Bi4qNMHpt1","rect":[0,0,260,70],"offset":[0,0],"originalSize":[260,70]}},{"__type__":"cc.SpriteFrame","content":{"name":"ver-con-bg","texture":"95ACtNiaJC7YIe3yoQa0yV","rect":[0,0,750,1334],"offset":[0,0],"originalSize":[750,1334]}},{"__type__":"cc.SpriteFrame","content":{"name":"play-user2","texture":"c65xWbexZGuYzcGzPHU1iN","rect":[0,0,190,190],"offset":[0,0],"originalSize":[190,190]}}]