[{"__type__":"cc.SpriteFrame","content":{"name":"img_37","texture":"bdBiwBFthJmplWXL4W6tZG","rect":[0,0,68,57],"offset":[0,0],"originalSize":[68,57]}},[{"__type__":"cc.Prefab","_name":"bubble_3","data":{"__id__":1},"asyncLoadAssets":null},{"__type__":"cc.Node","_name":"bubble_3","_children":[{"__id__":2}],"_components":[{"__type__":"cc.Sprite","node":{"__id__":1},"_spriteFrame":{"__uuid__":"53myqMuoBCZrAi2+5gjH7/"}}],"_prefab":{"__type__":"cc.PrefabInfo","root":{"__id__":1},"asset":{"__uuid__":"82JWXqPhxPIpduT6QUdndc"},"fileId":"620HsGLI9Hi7rw2EKWIIn4"},"_contentSize":{"__type__":"cc.Size","width":68,"height":57},"_position":{"__type__":"cc.Vec2","x":-20,"y":-171}},{"__type__":"cc.Node","_name":"img_39","_parent":{"__id__":1},"_components":[{"__type__":"cc.Sprite","node":{"__id__":2},"_spriteFrame":{"__uuid__":"d4/GCfS0BMS7nvDbRpzS3v"}}],"_prefab":{"__type__":"cc.PrefabInfo","root":{"__id__":1},"asset":{"__uuid__":"82JWXqPhxPIpduT6QUdndc"},"fileId":"e6LJT2j3JF4pOBput2zsSr"},"_contentSize":{"__type__":"cc.Size","width":99,"height":88},"_scaleX":-1,"_position":{"__type__":"cc.Vec2","x":-5}}],{"__type__":"cc.SpriteFrame","content":{"name":"img_39","texture":"d9Sw/vRllMrKRSgagslkj6","rect":[0,0,99,88],"offset":[0,0],"originalSize":[99,88]}}]