[{"__type__":"cc.SpriteFrame","content":{"name":"sr-con-bg3","texture":"d8eRvfA91L6pnCERRgSvDD","rect":[0,0,591,502],"offset":[0,0],"originalSize":[591,502]}},{"__type__":"cc.SpriteFrame","content":{"name":"vs","texture":"85aDnPX7pB6LkM7n2toeG1","rect":[0,0,84,52],"offset":[0,0],"originalSize":[84,52]}},{"__type__":"cc.SpriteFrame","content":{"name":"sr-con-logo","texture":"6dwphTyAROoKTtTd8pF9t1","rect":[0,0,256,188],"offset":[0,0],"originalSize":[256,188]}},{"__type__":"cc.SpriteFrame","content":{"name":"img_64","texture":"2akgdZ3OxCjas7NT8V5LPG","rect":[0,0,43,20],"offset":[0,0],"originalSize":[43,20],"capInsets":[24,0,16,0]}},{"__type__":"cc.SpriteFrame","content":{"name":"sr-con-lose","texture":"25AX3m3YtEupvdiqWoqeJf","rect":[0,0,256,201],"offset":[0,0],"originalSize":[256,201]}},{"__type__":"cc.SpriteFrame","content":{"name":"img_01","texture":"521pKwMpFLTaMeWlm9Mok2","rect":[0,0,56,27],"offset":[0,0],"originalSize":[56,27],"capInsets":[25,0,25,0]}},{"__type__":"cc.SpriteFrame","content":{"name":"img_63","texture":"cbVlhBWflAH6E9Akx+LLLR","rect":[0,0,43,20],"offset":[0,0],"originalSize":[43,20],"capInsets":[20,0,21,0]}},{"__type__":"cc.SpriteFrame","content":{"name":"def-use","texture":"2751KuN5BJXItwhf2iwnex","rect":[0,0,131,131],"offset":[0,0],"originalSize":[131,131]}},{"__type__":"cc.SpriteFrame","content":{"name":"home-btn5","texture":"5dSL89GjdEg6Bi4qNMHpt1","rect":[0,0,260,70],"offset":[0,0],"originalSize":[260,70]}},{"__type__":"cc.SpriteFrame","content":{"name":"con-user2","texture":"baQnzP7IJDX5/9lJTHyYjd","rect":[0,0,150,150],"offset":[0,0],"originalSize":[150,150]}},[{"__type__":"cc.Prefab","_name":"uiVsResultVer","data":{"__id__":1},"asyncLoadAssets":null},{"__type__":"cc.Node","_name":"uiVsResultVer","_children":[{"__id__":2},{"__id__":3},{"__id__":4},{"__id__":5},{"__id__":6},{"__id__":7},{"__id__":15},{"__id__":23},{"__id__":24},{"__id__":26}],"_components":[{"__type__":"35707Ri1WpCHqvUV83dj6vS","node":{"__id__":1},"loseClip":{"__uuid__":"78X5nundZIqoa8cx5VIt8Z"},"victoryClip":{"__uuid__":"e8+P3RKIhO15seXpYj+VVq"}}],"_prefab":{"__type__":"cc.PrefabInfo","root":{"__id__":1},"asset":{"__uuid__":"b0AZpsxZRA4YapcyHZISiV"},"fileId":"81VyPgb8RMmIUYBK/+p5hl"},"_contentSize":{"__type__":"cc.Size","width":750,"height":1334}},{"__type__":"cc.Node","_name":"sr-con-bg","_parent":{"__id__":1},"_components":[{"__type__":"cc.Sprite","node":{"__id__":2},"_spriteFrame":{"__uuid__":"b1ISyKq+5AP6UQ7w2jnoLy"}},{"__type__":"cc.Button","node":{"__id__":2},"_N$target":{"__id__":2}}],"_prefab":{"__type__":"cc.PrefabInfo","root":{"__id__":1},"asset":{"__uuid__":"b0AZpsxZRA4YapcyHZISiV"},"fileId":"9bUD0Me2BCFq1qpaF5Ek7f"},"_contentSize":{"__type__":"cc.Size","width":750,"height":1334}},{"__type__":"cc.Node","_name":"sr-con-light","_parent":{"__id__":1},"_components":[{"__type__":"cc.Sprite","node":{"__id__":3},"_spriteFrame":{"__uuid__":"f2JBD1nD1B/6elmxmlrc9q"},"_sizeMode":0}],"_prefab":{"__type__":"cc.PrefabInfo","root":{"__id__":1},"asset":{"__uuid__":"b0AZpsxZRA4YapcyHZISiV"},"fileId":"cfM/l5gbBHQpqska5qXueA"},"_contentSize":{"__type__":"cc.Size","width":750,"height":365},"_position":{"__type__":"cc.Vec2","y":485}},{"__type__":"cc.Node","_name":"box","_parent":{"__id__":1},"_components":[{"__type__":"cc.Sprite","node":{"__id__":4},"_spriteFrame":{"__uuid__":"04KRs9qRxAq42gGyfwk8pF"},"_sizeMode":0}],"_prefab":{"__type__":"cc.PrefabInfo","root":{"__id__":1},"asset":{"__uuid__":"b0AZpsxZRA4YapcyHZISiV"},"fileId":"400FppR2pIX4VH8MMvBIck"},"_contentSize":{"__type__":"cc.Size","width":600,"height":700},"_position":{"__type__":"cc.Vec2","y":81}},{"__type__":"cc.Node","_name":"key_lose","_parent":{"__id__":1},"_components":[{"__type__":"cc.Sprite","node":{"__id__":5},"_spriteFrame":{"__uuid__":"56b51GjUpK8pIkSX7TWd9t"}}],"_prefab":{"__type__":"cc.PrefabInfo","root":{"__id__":1},"asset":{"__uuid__":"b0AZpsxZRA4YapcyHZISiV"},"fileId":"cfI2P99PFK+qQj6EIWbvPP"},"_contentSize":{"__type__":"cc.Size","width":256,"height":201},"_position":{"__type__":"cc.Vec2","y":455}},{"__type__":"cc.Node","_name":"key_win","_parent":{"__id__":1},"_components":[{"__type__":"cc.Sprite","node":{"__id__":6},"_spriteFrame":{"__uuid__":"24Vj6IDElIJrGwHCc63etY"}}],"_prefab":{"__type__":"cc.PrefabInfo","root":{"__id__":1},"asset":{"__uuid__":"b0AZpsxZRA4YapcyHZISiV"},"fileId":"5eEB8zZQFKa78xij+L8QnZ"},"_contentSize":{"__type__":"cc.Size","width":256,"height":188},"_position":{"__type__":"cc.Vec2","y":462}},{"__type__":"cc.Node","_name":"key_playerLayout","_parent":{"__id__":1},"_children":[{"__id__":8}],"_components":[{"__type__":"cc.Sprite","node":{"__id__":7},"_type":1,"_sizeMode":0},{"__type__":"cc.Layout","node":{"__id__":7},"_layoutSize":{"__type__":"cc.Size","width":339,"height":150},"_resize":1,"_N$layoutType":2,"_N$spacingY":80}],"_prefab":{"__type__":"cc.PrefabInfo","root":{"__id__":1},"asset":{"__uuid__":"b0AZpsxZRA4YapcyHZISiV"},"fileId":"8754Pn8jNIgr4sXEAb/Bwn"},"_color":{"__type__":"cc.Color","r":167,"g":167,"b":167},"_contentSize":{"__type__":"cc.Size","width":339,"height":150},"_position":{"__type__":"cc.Vec2","x":-175,"y":200}},{"__type__":"cc.Node","_name":"key_player","_parent":{"__id__":7},"_children":[{"__id__":9},{"__id__":12},{"__id__":13}],"_components":[{"__type__":"38706mPQDBCcq8qjMuqQHVj","node":{"__id__":8},"icon":{"__id__":11},"nameLb":{"__id__":14}}],"_prefab":{"__type__":"cc.PrefabInfo","root":{"__id__":1},"asset":{"__uuid__":"b0AZpsxZRA4YapcyHZISiV"},"fileId":"deEPNOcTFKQIjEtSiIup8b"},"_contentSize":{"__type__":"cc.Size","width":150,"height":150}},{"__type__":"cc.Node","_name":"usermask","_parent":{"__id__":8},"_children":[{"__id__":10}],"_components":[{"__type__":"cc.Mask","node":{"__id__":9},"_type":1,"_segements":60}],"_prefab":{"__type__":"cc.PrefabInfo","root":{"__id__":1},"asset":{"__uuid__":"b0AZpsxZRA4YapcyHZISiV"},"fileId":"7e0odSaTBCpY+MbzbBdVd5"},"_contentSize":{"__type__":"cc.Size","width":150,"height":150}},{"__type__":"cc.Node","_name":"def-use","_parent":{"__id__":9},"_components":[{"__id__":11}],"_prefab":{"__type__":"cc.PrefabInfo","root":{"__id__":1},"asset":{"__uuid__":"b0AZpsxZRA4YapcyHZISiV"},"fileId":"dc4qd7j/tCtIaJ6V8lJJQU"},"_contentSize":{"__type__":"cc.Size","width":131,"height":131}},{"__type__":"cc.Sprite","node":{"__id__":10},"_spriteFrame":{"__uuid__":"8budMyT15FULZJN+/X8JP2"}},{"__type__":"cc.Node","_name":"kuang","_parent":{"__id__":8},"_components":[{"__type__":"cc.Sprite","node":{"__id__":12},"_spriteFrame":{"__uuid__":"a3ODlqa11JdY7KPULQ4Rl3"}}],"_prefab":{"__type__":"cc.PrefabInfo","root":{"__id__":1},"asset":{"__uuid__":"b0AZpsxZRA4YapcyHZISiV"},"fileId":"693vkm0eNE6p3FJn0XCobQ"},"_contentSize":{"__type__":"cc.Size","width":150,"height":150}},{"__type__":"cc.Node","_name":"label","_parent":{"__id__":8},"_components":[{"__id__":14}],"_prefab":{"__type__":"cc.PrefabInfo","root":{"__id__":1},"asset":{"__uuid__":"b0AZpsxZRA4YapcyHZISiV"},"fileId":"8b70kGwflDO5Ke+0UUWToJ"},"_color":{"__type__":"cc.Color","r":153,"g":153,"b":153},"_contentSize":{"__type__":"cc.Size","height":40},"_position":{"__type__":"cc.Vec2","x":-7,"y":-103}},{"__type__":"cc.Label","node":{"__id__":13},"_useOriginalSize":false,"_actualFontSize":30,"_fontSize":30,"_N$string":"","_N$horizontalAlign":1,"_N$verticalAlign":1},{"__type__":"cc.Node","_name":"key_rivalLayout","_parent":{"__id__":1},"_children":[{"__id__":16}],"_components":[{"__type__":"cc.Sprite","node":{"__id__":15},"_type":1,"_sizeMode":0},{"__type__":"cc.Layout","node":{"__id__":15},"_layoutSize":{"__type__":"cc.Size","width":339,"height":150},"_resize":1,"_N$layoutType":2,"_N$spacingY":80}],"_prefab":{"__type__":"cc.PrefabInfo","root":{"__id__":1},"asset":{"__uuid__":"b0AZpsxZRA4YapcyHZISiV"},"fileId":"61wjuI6sZBVom4prJqi2ND"},"_color":{"__type__":"cc.Color","r":167,"g":167,"b":167},"_contentSize":{"__type__":"cc.Size","width":339,"height":150},"_position":{"__type__":"cc.Vec2","x":183,"y":200}},{"__type__":"cc.Node","_name":"key_rival","_parent":{"__id__":15},"_children":[{"__id__":17},{"__id__":20},{"__id__":21}],"_components":[{"__type__":"38706mPQDBCcq8qjMuqQHVj","node":{"__id__":16},"icon":{"__id__":19},"nameLb":{"__id__":22}}],"_prefab":{"__type__":"cc.PrefabInfo","root":{"__id__":1},"asset":{"__uuid__":"b0AZpsxZRA4YapcyHZISiV"},"fileId":"8eMLyHdE1Ahpr2eJNUB/2z"},"_contentSize":{"__type__":"cc.Size","width":150,"height":150},"_position":{"__type__":"cc.Vec2","x":1}},{"__type__":"cc.Node","_name":"usermask","_parent":{"__id__":16},"_children":[{"__id__":18}],"_components":[{"__type__":"cc.Mask","node":{"__id__":17},"_type":1,"_segements":60}],"_prefab":{"__type__":"cc.PrefabInfo","root":{"__id__":1},"asset":{"__uuid__":"b0AZpsxZRA4YapcyHZISiV"},"fileId":"154VpuphtA27YXVPphYC6A"},"_contentSize":{"__type__":"cc.Size","width":150,"height":150}},{"__type__":"cc.Node","_name":"def_use","_parent":{"__id__":17},"_components":[{"__id__":19}],"_prefab":{"__type__":"cc.PrefabInfo","root":{"__id__":1},"asset":{"__uuid__":"b0AZpsxZRA4YapcyHZISiV"},"fileId":"bfcUdpdO5L0Zxh9OiDKrAC"},"_contentSize":{"__type__":"cc.Size","width":150,"height":150}},{"__type__":"cc.Sprite","node":{"__id__":18},"_spriteFrame":{"__uuid__":"8budMyT15FULZJN+/X8JP2"},"_sizeMode":0},{"__type__":"cc.Node","_name":"kuang","_parent":{"__id__":16},"_components":[{"__type__":"cc.Sprite","node":{"__id__":20},"_spriteFrame":{"__uuid__":"d1MyTvamxCN53chm6miHHJ"}}],"_prefab":{"__type__":"cc.PrefabInfo","root":{"__id__":1},"asset":{"__uuid__":"b0AZpsxZRA4YapcyHZISiV"},"fileId":"83CblJFZ1EEqhvGdtYpuM2"},"_contentSize":{"__type__":"cc.Size","width":150,"height":150},"_position":{"__type__":"cc.Vec2","y":1}},{"__type__":"cc.Node","_name":"label","_parent":{"__id__":16},"_components":[{"__id__":22}],"_prefab":{"__type__":"cc.PrefabInfo","root":{"__id__":1},"asset":{"__uuid__":"b0AZpsxZRA4YapcyHZISiV"},"fileId":"190m/Kso5IVIElk4ebVcyM"},"_color":{"__type__":"cc.Color","r":153,"g":153,"b":153},"_contentSize":{"__type__":"cc.Size","height":40},"_position":{"__type__":"cc.Vec2","x":-8.2,"y":-111.4}},{"__type__":"cc.Label","node":{"__id__":21},"_useOriginalSize":false,"_actualFontSize":30,"_fontSize":30,"_N$string":"","_N$horizontalAlign":1,"_N$verticalAlign":1},{"__type__":"cc.Node","_name":"key_vs","_parent":{"__id__":1},"_components":[{"__type__":"cc.Sprite","node":{"__id__":23},"_spriteFrame":{"__uuid__":"23yl/e8upPl5m8kfVzurXj"}}],"_prefab":{"__type__":"cc.PrefabInfo","root":{"__id__":1},"asset":{"__uuid__":"b0AZpsxZRA4YapcyHZISiV"},"fileId":"0dIc5H3/FLsrG58truMApv"},"_contentSize":{"__type__":"cc.Size","width":84,"height":52},"_position":{"__type__":"cc.Vec2","y":200}},{"__type__":"cc.Node","_name":"key_quit","_parent":{"__id__":1},"_children":[{"__id__":25}],"_components":[{"__type__":"cc.Sprite","node":{"__id__":24},"_spriteFrame":{"__uuid__":"9dL14loyJETqgbc7RpoO3r"}},{"__type__":"cc.Button","node":{"__id__":24},"transition":1,"_N$target":{"__id__":24}}],"_prefab":{"__type__":"cc.PrefabInfo","root":{"__id__":1},"asset":{"__uuid__":"b0AZpsxZRA4YapcyHZISiV"},"fileId":"64KshDjFxA37NyfJJI6eGP"},"_color":{"__type__":"cc.Color","r":214,"g":214,"b":214},"_contentSize":{"__type__":"cc.Size","width":260,"height":70},"_position":{"__type__":"cc.Vec2","x":5,"y":-357}},{"__type__":"cc.Node","_name":"label","_parent":{"__id__":24},"_components":[{"__type__":"cc.Label","node":{"__id__":25},"_useOriginalSize":false,"_N$string":"返回","_N$horizontalAlign":1,"_N$verticalAlign":1}],"_prefab":{"__type__":"cc.PrefabInfo","root":{"__id__":1},"asset":{"__uuid__":"b0AZpsxZRA4YapcyHZISiV"},"fileId":"9fscJpjy1C1apXd6br520/"},"_contentSize":{"__type__":"cc.Size","width":80,"height":40}},{"__type__":"cc.Node","_name":"score","_parent":{"__id__":1},"_children":[{"__id__":27},{"__id__":34},{"__id__":41}],"_components":[{"__type__":"cc.Layout","node":{"__id__":26},"_N$layoutType":2,"_N$paddingTop":10,"_N$paddingBottom":10,"_N$spacingY":60}],"_prefab":{"__type__":"cc.PrefabInfo","root":{"__id__":1},"asset":{"__uuid__":"b0AZpsxZRA4YapcyHZISiV"},"fileId":"15y/hz8plMO5PipH2achqU"},"_contentSize":{"__type__":"cc.Size","width":300,"height":200},"_position":{"__type__":"cc.Vec2","y":-40}},{"__type__":"cc.Node","_name":"key_scoreOne","_parent":{"__id__":26},"_children":[{"__id__":28},{"__id__":30},{"__id__":31},{"__id__":32},{"__id__":33}],"_components":[{"__type__":"cc.Sprite","node":{"__id__":27},"_spriteFrame":{"__uuid__":"52Cr/8iFxCvL/P94PiiRMk"},"_type":1,"_sizeMode":0},{"__type__":"cc.ProgressBar","node":{"__id__":27},"_N$totalLength":400,"_N$barSprite":{"__id__":29},"_N$progress":0.5}],"_prefab":{"__type__":"cc.PrefabInfo","root":{"__id__":1},"asset":{"__uuid__":"b0AZpsxZRA4YapcyHZISiV"},"fileId":"74edFErEdMwIWUYRt8z9S3"},"_contentSize":{"__type__":"cc.Size","width":400,"height":25},"_position":{"__type__":"cc.Vec2","y":77.5}},{"__type__":"cc.Node","_name":"bar","_parent":{"__id__":27},"_components":[{"__id__":29}],"_prefab":{"__type__":"cc.PrefabInfo","root":{"__id__":1},"asset":{"__uuid__":"b0AZpsxZRA4YapcyHZISiV"},"fileId":"2fTk3nVsdJOotNziz7HnOr"},"_anchorPoint":{"__type__":"cc.Vec2","y":0.5},"_contentSize":{"__type__":"cc.Size","width":200,"height":25},"_position":{"__type__":"cc.Vec2","x":-200}},{"__type__":"cc.Sprite","node":{"__id__":28},"_spriteFrame":{"__uuid__":"83HAlMiFhHw7TBqq2TuGAN"},"_type":1,"_sizeMode":0},{"__type__":"cc.Node","_name":"img_01","_parent":{"__id__":27},"_components":[{"__type__":"cc.Sprite","node":{"__id__":30},"_spriteFrame":{"__uuid__":"72g2dvDBZJUaooNrSnhq7f"},"_type":1,"_sizeMode":0}],"_prefab":{"__type__":"cc.PrefabInfo","root":{"__id__":1},"asset":{"__uuid__":"b0AZpsxZRA4YapcyHZISiV"},"fileId":"21BiMvhptI2YHkpPFDna7U"},"_contentSize":{"__type__":"cc.Size","width":410,"height":27}},{"__type__":"cc.Node","_name":"label","_parent":{"__id__":27},"_components":[{"__type__":"cc.Label","node":{"__id__":31},"_useOriginalSize":false,"_actualFontSize":30,"_fontSize":30,"_lineHeight":30,"_N$string":"最终比分","_N$horizontalAlign":1,"_N$verticalAlign":1}],"_prefab":{"__type__":"cc.PrefabInfo","root":{"__id__":1},"asset":{"__uuid__":"b0AZpsxZRA4YapcyHZISiV"},"fileId":"e3uWZHrEFC0LB+CaEmMyQN"},"_color":{"__type__":"cc.Color","r":245,"g":221,"b":93},"_contentSize":{"__type__":"cc.Size","width":120,"height":30},"_position":{"__type__":"cc.Vec2","y":25}},{"__type__":"cc.Node","_name":"self","_parent":{"__id__":27},"_components":[{"__type__":"cc.Label","node":{"__id__":32},"_useOriginalSize":false,"_actualFontSize":20,"_fontSize":20,"_lineHeight":20,"_N$string":"0","_N$horizontalAlign":1,"_N$verticalAlign":1}],"_prefab":{"__type__":"cc.PrefabInfo","root":{"__id__":1},"asset":{"__uuid__":"b0AZpsxZRA4YapcyHZISiV"},"fileId":"43v0VKirBLTIkwPO/azYeQ"},"_contentSize":{"__type__":"cc.Size","width":11,"height":20},"_position":{"__type__":"cc.Vec2","x":-144}},{"__type__":"cc.Node","_name":"rival","_parent":{"__id__":27},"_components":[{"__type__":"cc.Label","node":{"__id__":33},"_useOriginalSize":false,"_actualFontSize":20,"_fontSize":20,"_lineHeight":20,"_N$string":"0","_N$horizontalAlign":1,"_N$verticalAlign":1}],"_prefab":{"__type__":"cc.PrefabInfo","root":{"__id__":1},"asset":{"__uuid__":"b0AZpsxZRA4YapcyHZISiV"},"fileId":"f9dl9JgUNOwLvM5GH2v/rb"},"_contentSize":{"__type__":"cc.Size","width":11,"height":20},"_position":{"__type__":"cc.Vec2","x":147}},{"__type__":"cc.Node","_name":"key_scoreTwo","_parent":{"__id__":26},"_children":[{"__id__":35},{"__id__":37},{"__id__":38},{"__id__":39},{"__id__":40}],"_components":[{"__type__":"cc.Sprite","node":{"__id__":34},"_spriteFrame":{"__uuid__":"52Cr/8iFxCvL/P94PiiRMk"},"_type":1,"_sizeMode":0},{"__type__":"cc.ProgressBar","node":{"__id__":34},"_N$totalLength":400,"_N$barSprite":{"__id__":36},"_N$progress":0.5}],"_prefab":{"__type__":"cc.PrefabInfo","root":{"__id__":1},"asset":{"__uuid__":"b0AZpsxZRA4YapcyHZISiV"},"fileId":"bcD6kKqmVI9b7VZ5eiSeym"},"_contentSize":{"__type__":"cc.Size","width":400,"height":25},"_position":{"__type__":"cc.Vec2","y":-7.5}},{"__type__":"cc.Node","_name":"bar","_parent":{"__id__":34},"_components":[{"__id__":36}],"_prefab":{"__type__":"cc.PrefabInfo","root":{"__id__":1},"asset":{"__uuid__":"b0AZpsxZRA4YapcyHZISiV"},"fileId":"59G8AX/3dHHIolri94Y/AF"},"_anchorPoint":{"__type__":"cc.Vec2","y":0.5},"_contentSize":{"__type__":"cc.Size","width":200,"height":25},"_position":{"__type__":"cc.Vec2","x":-200}},{"__type__":"cc.Sprite","node":{"__id__":35},"_spriteFrame":{"__uuid__":"83HAlMiFhHw7TBqq2TuGAN"},"_type":1,"_sizeMode":0},{"__type__":"cc.Node","_name":"img_01","_parent":{"__id__":34},"_components":[{"__type__":"cc.Sprite","node":{"__id__":37},"_spriteFrame":{"__uuid__":"72g2dvDBZJUaooNrSnhq7f"},"_type":1,"_sizeMode":0}],"_prefab":{"__type__":"cc.PrefabInfo","root":{"__id__":1},"asset":{"__uuid__":"b0AZpsxZRA4YapcyHZISiV"},"fileId":"4fILa51zFOaaDZQ1X0DrWo"},"_contentSize":{"__type__":"cc.Size","width":410,"height":27}},{"__type__":"cc.Node","_name":"label","_parent":{"__id__":34},"_components":[{"__type__":"cc.Label","node":{"__id__":38},"_useOriginalSize":false,"_actualFontSize":30,"_fontSize":30,"_lineHeight":30,"_N$string":"总消除数","_N$horizontalAlign":1,"_N$verticalAlign":1}],"_prefab":{"__type__":"cc.PrefabInfo","root":{"__id__":1},"asset":{"__uuid__":"b0AZpsxZRA4YapcyHZISiV"},"fileId":"afz4iPYk1EjaH0CWDxRQTQ"},"_color":{"__type__":"cc.Color","r":245,"g":221,"b":93},"_contentSize":{"__type__":"cc.Size","width":120,"height":30},"_position":{"__type__":"cc.Vec2","y":25}},{"__type__":"cc.Node","_name":"self","_parent":{"__id__":34},"_components":[{"__type__":"cc.Label","node":{"__id__":39},"_useOriginalSize":false,"_actualFontSize":20,"_fontSize":20,"_lineHeight":20,"_N$string":"0","_N$horizontalAlign":1,"_N$verticalAlign":1}],"_prefab":{"__type__":"cc.PrefabInfo","root":{"__id__":1},"asset":{"__uuid__":"b0AZpsxZRA4YapcyHZISiV"},"fileId":"385joDnoVLD7pn8mgn8zZb"},"_contentSize":{"__type__":"cc.Size","width":11,"height":20},"_position":{"__type__":"cc.Vec2","x":-144}},{"__type__":"cc.Node","_name":"rival","_parent":{"__id__":34},"_components":[{"__type__":"cc.Label","node":{"__id__":40},"_useOriginalSize":false,"_actualFontSize":20,"_fontSize":20,"_lineHeight":20,"_N$string":"0","_N$horizontalAlign":1,"_N$verticalAlign":1}],"_prefab":{"__type__":"cc.PrefabInfo","root":{"__id__":1},"asset":{"__uuid__":"b0AZpsxZRA4YapcyHZISiV"},"fileId":"e6VHPTWK5DOKCA9YoIkwzA"},"_contentSize":{"__type__":"cc.Size","width":11,"height":20},"_position":{"__type__":"cc.Vec2","x":147}},{"__type__":"cc.Node","_name":"key_scoreThree","_parent":{"__id__":26},"_children":[{"__id__":42},{"__id__":44},{"__id__":45},{"__id__":46},{"__id__":47}],"_components":[{"__type__":"cc.Sprite","node":{"__id__":41},"_spriteFrame":{"__uuid__":"52Cr/8iFxCvL/P94PiiRMk"},"_type":1,"_sizeMode":0},{"__type__":"cc.ProgressBar","node":{"__id__":41},"_N$totalLength":400,"_N$barSprite":{"__id__":43},"_N$progress":0.5}],"_prefab":{"__type__":"cc.PrefabInfo","root":{"__id__":1},"asset":{"__uuid__":"b0AZpsxZRA4YapcyHZISiV"},"fileId":"1ewnaYZhVHSbalejAxBUXR"},"_contentSize":{"__type__":"cc.Size","width":400,"height":25},"_position":{"__type__":"cc.Vec2","y":-92.5}},{"__type__":"cc.Node","_name":"bar","_parent":{"__id__":41},"_components":[{"__id__":43}],"_prefab":{"__type__":"cc.PrefabInfo","root":{"__id__":1},"asset":{"__uuid__":"b0AZpsxZRA4YapcyHZISiV"},"fileId":"ceb1fzEvNLUqbffj6QiUun"},"_anchorPoint":{"__type__":"cc.Vec2","y":0.5},"_contentSize":{"__type__":"cc.Size","width":200,"height":27},"_position":{"__type__":"cc.Vec2","x":-200}},{"__type__":"cc.Sprite","node":{"__id__":42},"_spriteFrame":{"__uuid__":"83HAlMiFhHw7TBqq2TuGAN"},"_type":1,"_sizeMode":0},{"__type__":"cc.Node","_name":"img_01","_parent":{"__id__":41},"_components":[{"__type__":"cc.Sprite","node":{"__id__":44},"_spriteFrame":{"__uuid__":"72g2dvDBZJUaooNrSnhq7f"},"_type":1,"_sizeMode":0}],"_prefab":{"__type__":"cc.PrefabInfo","root":{"__id__":1},"asset":{"__uuid__":"b0AZpsxZRA4YapcyHZISiV"},"fileId":"19ZFScPVBDAaaID7Lnh/Yq"},"_contentSize":{"__type__":"cc.Size","width":410,"height":27}},{"__type__":"cc.Node","_name":"label","_parent":{"__id__":41},"_components":[{"__type__":"cc.Label","node":{"__id__":45},"_useOriginalSize":false,"_actualFontSize":30,"_fontSize":30,"_lineHeight":30,"_N$string":"最大连消数","_N$horizontalAlign":1,"_N$verticalAlign":1}],"_prefab":{"__type__":"cc.PrefabInfo","root":{"__id__":1},"asset":{"__uuid__":"b0AZpsxZRA4YapcyHZISiV"},"fileId":"2b3rRrA3JJhI59MYWS2fAV"},"_color":{"__type__":"cc.Color","r":245,"g":221,"b":93},"_contentSize":{"__type__":"cc.Size","width":150,"height":30},"_position":{"__type__":"cc.Vec2","y":25}},{"__type__":"cc.Node","_name":"self","_parent":{"__id__":41},"_components":[{"__type__":"cc.Label","node":{"__id__":46},"_useOriginalSize":false,"_actualFontSize":20,"_fontSize":20,"_lineHeight":20,"_N$string":"0","_N$horizontalAlign":1,"_N$verticalAlign":1}],"_prefab":{"__type__":"cc.PrefabInfo","root":{"__id__":1},"asset":{"__uuid__":"b0AZpsxZRA4YapcyHZISiV"},"fileId":"daj30w2lNPjLxxspa14hjS"},"_contentSize":{"__type__":"cc.Size","width":11,"height":20},"_position":{"__type__":"cc.Vec2","x":-144}},{"__type__":"cc.Node","_name":"rival","_parent":{"__id__":41},"_components":[{"__type__":"cc.Label","node":{"__id__":47},"_useOriginalSize":false,"_actualFontSize":20,"_fontSize":20,"_lineHeight":20,"_N$string":"0","_N$horizontalAlign":1,"_N$verticalAlign":1}],"_prefab":{"__type__":"cc.PrefabInfo","root":{"__id__":1},"asset":{"__uuid__":"b0AZpsxZRA4YapcyHZISiV"},"fileId":"30DwJljItOloKDEjlegbUg"},"_contentSize":{"__type__":"cc.Size","width":11,"height":20},"_position":{"__type__":"cc.Vec2","x":147}}],{"__type__":"cc.SpriteFrame","content":{"name":"ver-con-bg","texture":"95ACtNiaJC7YIe3yoQa0yV","rect":[0,0,750,1334],"offset":[0,0],"originalSize":[750,1334]}},{"__type__":"cc.SpriteFrame","content":{"name":"con-user1","texture":"9eHA7JbuJPuIJVQyBO8skK","rect":[0,0,150,150],"offset":[0,0],"originalSize":[150,150]}},{"__type__":"cc.SpriteFrame","content":{"name":"ver-con-light","texture":"3185VYV8FDfIlSOO0/dRtW","rect":[0,0,567,326],"offset":[0,0],"originalSize":[567,326]}}]