[{"__type__":"cc.SpriteFrame","content":{"name":"play-user1","texture":"c2H/AREwtBM7tGdfsBeVzm","rect":[0,0,187,187],"offset":[0,0],"originalSize":[187,187]}},[{"__type__":"cc.Prefab","_name":"uiMatchingVer","data":{"__id__":1},"asyncLoadAssets":null},{"__type__":"cc.Node","_name":"uiMatchingVer","_children":[{"__id__":2},{"__id__":3},{"__id__":4},{"__id__":9},{"__id__":10}],"_components":[{"__type__":"0ed973gS6lPR6SESc7jLFB6","node":{"__id__":1}}],"_prefab":{"__type__":"cc.PrefabInfo","root":{"__id__":1},"fileId":"acwEnhZgVIu41JD64vCI9K"}},{"__type__":"cc.Node","_name":"ver-con-bg","_parent":{"__id__":1},"_components":[{"__type__":"cc.Sprite","node":{"__id__":2},"_spriteFrame":{"__uuid__":"b1ISyKq+5AP6UQ7w2jnoLy"}},{"__type__":"cc.Button","node":{"__id__":2},"_N$target":{"__id__":2}}],"_prefab":{"__type__":"cc.PrefabInfo","root":{"__id__":1},"fileId":"563QX/sgJE77a57oaVAx3d"},"_contentSize":{"__type__":"cc.Size","width":750,"height":1334}},{"__type__":"cc.Node","_name":"cpm-logo","_parent":{"__id__":1},"_components":[{"__type__":"cc.Sprite","node":{"__id__":3},"_spriteFrame":{"__uuid__":"6ft6jgcoJGjJ1exPzr2pFH"}}],"_prefab":{"__type__":"cc.PrefabInfo","root":{"__id__":1},"fileId":"08syxQC01GvaOoqwhfN/LO"},"_contentSize":{"__type__":"cc.Size","width":623,"height":543},"_position":{"__type__":"cc.Vec2","y":129}},{"__type__":"cc.Node","_name":"key_playerIcon","_parent":{"__id__":1},"_children":[{"__id__":5},{"__id__":6}],"_components":[{"__type__":"7c5b0PM5GxL454wtQ2uJEdQ","node":{"__id__":4},"playerSprite":{"__id__":8}}],"_prefab":{"__type__":"cc.PrefabInfo","root":{"__id__":1},"fileId":"3dDWMLwPdIN6om33p5ksXn"},"_contentSize":{"__type__":"cc.Size","width":600},"_position":{"__type__":"cc.Vec2","y":48}},{"__type__":"cc.Node","_name":"play-user2","_parent":{"__id__":4},"_components":[{"__type__":"cc.Sprite","node":{"__id__":5},"_spriteFrame":{"__uuid__":"e8YY3I97JKbboWOiGyDWPg"}}],"_prefab":{"__type__":"cc.PrefabInfo","root":{"__id__":1},"fileId":"6a/eDq0XJAQZCekOl94AjG"},"_contentSize":{"__type__":"cc.Size","width":190,"height":190},"_position":{"__type__":"cc.Vec2","x":6,"y":9}},{"__type__":"cc.Node","_name":"def-use","_parent":{"__id__":4},"_children":[{"__id__":7}],"_components":[{"__id__":8}],"_prefab":{"__type__":"cc.PrefabInfo","root":{"__id__":1},"fileId":"02qn6CSn5K756v1pJgEew6"},"_contentSize":{"__type__":"cc.Size","width":170,"height":170},"_position":{"__type__":"cc.Vec2","x":5,"y":9}},{"__type__":"cc.Node","_name":"play-user1","_parent":{"__id__":6},"_components":[{"__type__":"cc.Sprite","node":{"__id__":7},"_spriteFrame":{"__uuid__":"2bktu0pedAur+K4U2LA8v6"}}],"_prefab":{"__type__":"cc.PrefabInfo","root":{"__id__":1},"fileId":"d6+F8BqPZJ86/TdYrfICCS"},"_contentSize":{"__type__":"cc.Size","width":187,"height":187}},{"__type__":"cc.Sprite","node":{"__id__":6},"_spriteFrame":{"__uuid__":"8budMyT15FULZJN+/X8JP2"},"_sizeMode":0},{"__type__":"cc.Node","_name":"key_playerLayout","_parent":{"__id__":1},"_components":[{"__type__":"cc.Layout","node":{"__id__":9},"_layoutSize":{"__type__":"cc.Size","width":600,"height":200},"_resize":2,"_N$layoutType":1,"_N$spacingX":-20.400000000000023}],"_prefab":{"__type__":"cc.PrefabInfo","root":{"__id__":1},"fileId":"a2fqj+BMJIzZGRmGxUC/lg"},"_contentSize":{"__type__":"cc.Size","width":600,"height":200},"_position":{"__type__":"cc.Vec2","y":48}},{"__type__":"cc.Node","_name":"key_quit","_parent":{"__id__":1},"_children":[{"__id__":11}],"_components":[{"__type__":"cc.Sprite","node":{"__id__":10},"_spriteFrame":{"__uuid__":"9dL14loyJETqgbc7RpoO3r"}},{"__type__":"cc.Button","node":{"__id__":10},"transition":1,"_N$target":{"__id__":10}}],"_prefab":{"__type__":"cc.PrefabInfo","root":{"__id__":1},"fileId":"ecr8bT0TFLQKDLv2QTF43I"},"_color":{"__type__":"cc.Color","r":214,"g":214,"b":214},"_contentSize":{"__type__":"cc.Size","width":260,"height":70},"_position":{"__type__":"cc.Vec2","y":-225}},{"__type__":"cc.Node","_name":"label","_parent":{"__id__":10},"_components":[{"__type__":"cc.Label","node":{"__id__":11},"_useOriginalSize":false,"_N$string":"取消","_N$horizontalAlign":1,"_N$verticalAlign":1}],"_prefab":{"__type__":"cc.PrefabInfo","root":{"__id__":1},"fileId":"b57gYKpytEQrqwhmMU9cGS"},"_contentSize":{"__type__":"cc.Size","width":80,"height":40},"_position":{"__type__":"cc.Vec2","y":-2}}],{"__type__":"cc.SpriteFrame","content":{"name":"cpm-logo","texture":"25MYgUIdtOFoi62fBaQOiL","rect":[0,0,623,543],"offset":[0,0],"originalSize":[623,543]}},{"__type__":"cc.SpriteFrame","content":{"name":"def-use","texture":"2751KuN5BJXItwhf2iwnex","rect":[0,0,131,131],"offset":[0,0],"originalSize":[131,131]}},{"__type__":"cc.SpriteFrame","content":{"name":"home-btn5","texture":"5dSL89GjdEg6Bi4qNMHpt1","rect":[0,0,260,70],"offset":[0,0],"originalSize":[260,70]}},{"__type__":"cc.SpriteFrame","content":{"name":"ver-con-bg","texture":"95ACtNiaJC7YIe3yoQa0yV","rect":[0,0,750,1334],"offset":[0,0],"originalSize":[750,1334]}},{"__type__":"cc.SpriteFrame","content":{"name":"play-user2","texture":"c65xWbexZGuYzcGzPHU1iN","rect":[0,0,190,190],"offset":[0,0],"originalSize":[190,190]}}]