[{"__type__":"cc.SpriteFrame","content":{"name":"img_29","texture":"e6GLyanxdNDZAtiC5QUGev","rect":[0,0,75,60],"offset":[0,0],"originalSize":[75,60]}},{"__type__":"cc.SpriteFrame","content":{"name":"img_39","texture":"d9Sw/vRllMrKRSgagslkj6","rect":[0,0,99,88],"offset":[0,0],"originalSize":[99,88]}},[{"__type__":"cc.Prefab","_name":"bubble_6","data":{"__id__":1},"asyncLoadAssets":null},{"__type__":"cc.Node","_name":"bubble_6","_children":[{"__id__":2}],"_components":[{"__type__":"cc.Sprite","node":{"__id__":1},"_spriteFrame":{"__uuid__":"194DN+3pdH/Y27cRS+9Mg0"}}],"_prefab":{"__type__":"cc.PrefabInfo","root":{"__id__":1},"asset":{"__uuid__":"e2Oru7XUdIkI23nU0E4OC4"},"fileId":"d3PQMRpx1JvpCbtXQgMD8B"},"_contentSize":{"__type__":"cc.Size","width":75,"height":60},"_position":{"__type__":"cc.Vec2","x":142,"y":-186}},{"__type__":"cc.Node","_name":"img_39","_parent":{"__id__":1},"_components":[{"__type__":"cc.Sprite","node":{"__id__":2},"_spriteFrame":{"__uuid__":"d4/GCfS0BMS7nvDbRpzS3v"}}],"_prefab":{"__type__":"cc.PrefabInfo","root":{"__id__":1},"asset":{"__uuid__":"e2Oru7XUdIkI23nU0E4OC4"},"fileId":"6eAF091fdNKZzTuW51cPeH"},"_contentSize":{"__type__":"cc.Size","width":99,"height":88},"_scaleX":-1,"_position":{"__type__":"cc.Vec2","x":-5}}]]