[{"__type__":"cc.SpriteFrame","content":{"name":"img_57","texture":"4f4g1B+15FlKvsR8TES2c2","rect":[0,0,23,22],"offset":[0,0],"originalSize":[23,22]}},[{"__type__":"cc.Prefab","_name":"blueCorner","data":{"__id__":1},"asyncLoadAssets":null},{"__type__":"cc.Node","_name":"img_57","_components":[{"__type__":"cc.Sprite","node":{"__id__":1},"_spriteFrame":{"__uuid__":"42tA3y7spDZbAtDkEVViUE"}},{"__type__":"2567ddW4flIRr9ymsxz8doh","node":{"__id__":1}}],"_prefab":{"__type__":"cc.PrefabInfo","root":{"__id__":1},"asset":{"__uuid__":"9dstn9m0VFMIS5SvfWjWjU"},"fileId":"88F41w3BBI+pB0s/q91wq9"},"_anchorPoint":{"__type__":"cc.Vec2","x":0.55,"y":0.55},"_contentSize":{"__type__":"cc.Size","width":23,"height":22},"_scaleX":2,"_scaleY":2,"_position":{"__type__":"cc.Vec2","x":-306.9,"y":-45.5}}]]