[{"__type__":"cc.SpriteFrame","content":{"name":"logo","texture":"39n3ygE09GJKKNbR2Qvl/Y","rect":[0,0,657,316],"offset":[0,0],"originalSize":[657,316]}},{"__type__":"cc.SpriteFrame","content":{"name":"dating-btn","texture":"68Swe655VBuqhc99jV69xb","rect":[0,0,524,114],"offset":[0,0],"originalSize":[524,114]}},{"__type__":"cc.SpriteFrame","content":{"name":"default_btn_disabled","texture":"71VhFCTINJM6/Ky3oX9nBT","rect":[0,0,40,40],"offset":[0,0],"originalSize":[40,40],"capInsets":[15,7,15,9]}},[{"__type__":"cc.SceneAsset","_name":"lobby","scene":{"__id__":1},"asyncLoadAssets":null},{"__type__":"cc.Scene","_name":"New Node","_children":[{"__id__":2},{"__id__":7}],"_anchorPoint":{"__type__":"cc.Vec2"},"autoReleaseAssets":false},{"__type__":"cc.Node","_name":"Canvas","_parent":{"__id__":1},"_children":[{"__id__":3}],"_components":[{"__type__":"cc.Canvas","node":{"__id__":2},"_designResolution":{"__type__":"cc.Size","width":750,"height":1334},"_fitWidth":true,"_fitHeight":false}],"_id":"feWsZmzY9B/J5eJHM63Yfj","_contentSize":{"__type__":"cc.Size","width":750,"height":1334},"_position":{"__type__":"cc.Vec2","x":375,"y":667}},{"__type__":"cc.Node","_name":"uiLogin","_parent":{"__id__":2},"_children":[{"__id__":4},{"__id__":5},{"__id__":6}],"_components":[{"__type__":"fb82d5Sr/1JnZbeK/r8ui/t","node":{"__id__":3}}],"_prefab":{"__type__":"cc.PrefabInfo","root":{"__id__":3},"fileId":"e2Z7hRMQhP26XA2V71hMU3"},"_contentSize":{"__type__":"cc.Size","width":750,"height":1334}},{"__type__":"cc.Node","_name":"bot-bg","_parent":{"__id__":3},"_components":[{"__type__":"cc.Sprite","node":{"__id__":4},"_spriteFrame":{"__uuid__":"86mHGZEuBKa6k7VbnvVSfT"},"_sizeMode":0}],"_prefab":{"__type__":"cc.PrefabInfo","root":{"__id__":3},"fileId":"54xjNymkxOL4lGdpsgFYQO"},"_contentSize":{"__type__":"cc.Size","width":902,"height":1334}},{"__type__":"cc.Node","_name":"key_start","_parent":{"__id__":3},"_components":[{"__type__":"cc.Sprite","node":{"__id__":5},"_spriteFrame":{"__uuid__":"8d1nf8IbhAnIeA+oeApsue"},"_type":1,"_sizeMode":2,"_isTrimmedMode":false},{"__type__":"cc.Button","node":{"__id__":5},"transition":1,"pressedColor":{"__type__":"cc.Color","r":221,"g":213,"b":213},"hoverColor":{"__type__":"cc.Color","r":216,"g":210,"b":210},"_N$normalColor":{"__type__":"cc.Color","r":255,"g":255,"b":255},"_N$disabledColor":{"__type__":"cc.Color","r":255,"g":255,"b":255},"_N$normalSprite":{"__uuid__":"24bYG6pqNLc5vtx31LQRta"},"_N$pressedSprite":{"__uuid__":"e97GVMl6JHh5Ml5qEDdSGa"},"pressedSprite":{"__uuid__":"e97GVMl6JHh5Ml5qEDdSGa"},"_N$hoverSprite":{"__uuid__":"e97GVMl6JHh5Ml5qEDdSGa"},"hoverSprite":{"__uuid__":"e97GVMl6JHh5Ml5qEDdSGa"},"_N$disabledSprite":{"__uuid__":"29FYIk+N1GYaeWH/q1NxQO"},"_N$target":{"__id__":5}}],"_prefab":{"__type__":"cc.PrefabInfo","root":{"__id__":3},"fileId":"e9ddMTniFOkpUJfl9xrMpg"},"_contentSize":{"__type__":"cc.Size","width":524,"height":114},"_position":{"__type__":"cc.Vec2","y":-300}},{"__type__":"cc.Node","_name":"logo","_parent":{"__id__":3},"_active":false,"_components":[{"__type__":"cc.Sprite","node":{"__id__":6},"_spriteFrame":{"__uuid__":"03tNh5jvxISptKGRB7zZkp"},"_sizeMode":2,"_isTrimmedMode":false}],"_prefab":{"__type__":"cc.PrefabInfo","root":{"__id__":3},"fileId":"4dzfbw7jVFwIC3MGEPt/6X"},"_contentSize":{"__type__":"cc.Size","width":657,"height":316},"_position":{"__type__":"cc.Vec2","x":-6,"y":268}},{"__type__":"cc.Node","_name":"GameManager","_parent":{"__id__":1},"_components":[{"__type__":"71befhMjOZLK4kQqOY4yNmZ","node":{"__id__":7},"uiTip":{"__uuid__":"5bFW2PAdZI44++UH7HamLs"}},{"__type__":"cc.BlockInputEvents","node":{"__id__":7},"_enabled":false}],"_id":"b676MY89dAP7yAtyizu3HF","_contentSize":{"__type__":"cc.Size","width":1200,"height":2000},"_position":{"__type__":"cc.Vec2","x":344,"y":602}}],{"__type__":"cc.SpriteFrame","content":{"name":"loading","texture":"99SxVr1QlEh5arcEEQCsVb","rect":[0,0,902,1281],"offset":[0,0],"originalSize":[902,1281]}},{"__type__":"cc.SpriteFrame","content":{"name":"startGame","texture":"f60IJjjixHeo8O+55pl+qB","rect":[0,0,524,114],"offset":[0,0],"originalSize":[524,114]}},{"__type__":"cc.SpriteFrame","content":{"name":"default_btn_pressed","texture":"b4P/PCArtIdIH38t6mlw8Y","rect":[0,0,40,40],"offset":[0,0],"originalSize":[40,40],"capInsets":[11,11,11,7]}}]