[{"__type__":"cc.SpriteFrame","content":{"name":"img_09","texture":"97Vi0rzs5Pk44k3UUHerOq","rect":[0,0,75,83],"offset":[0,0],"originalSize":[75,83]}},[{"__type__":"cc.Prefab","_name":"block_7","data":{"__id__":1},"asyncLoadAssets":null},{"__type__":"cc.Node","_name":"img_09","_components":[{"__type__":"cc.Sprite","node":{"__id__":1},"_spriteFrame":{"__uuid__":"d0WRWrp59PcJl+YSqsWZnB"},"_sizeMode":0},{"__type__":"8fd5fQJ7V9MaooovKVX5rk8","node":{"__id__":1}},{"__type__":"cc.Button","node":{"__id__":1},"_N$target":{"__id__":1}}],"_prefab":{"__type__":"cc.PrefabInfo","root":{"__id__":1},"asset":{"__uuid__":"f8xZo5ny5FI48MS+I52nlF"},"fileId":"fewES73PRHsaQvlhHMBgUE"},"_contentSize":{"__type__":"cc.Size","width":75,"height":75},"_position":{"__type__":"cc.Vec2","x":-35,"y":-156}}]]