[{"__type__":"cc.AnimationClip","_name":"flashOfLight","_duration":0.06666666666666667,"wrapMode":"2","curveData":{"props":{"opacity":[{"frame":0,"value":0},{"frame":0.03333333333333333,"value":255},{"frame":0.06666666666666667,"value":0}]}}},{"__type__":"cc.AnimationClip","_name":"ringOfLight","_duration":0.3333333333333333,"wrapMode":"1","curveData":{"props":{"scale":[{"frame":0,"value":{"__type__":"cc.Vec2"}},{"frame":0.25,"value":{"__type__":"cc.Vec2","x":1,"y":1}}],"opacity":[{"frame":0,"value":0},{"frame":0.3333333333333333,"value":255}]}}},{"__type__":"cc.AnimationClip","_name":"fade","_duration":0.5,"curveData":{"props":{"opacity":[{"frame":0,"value":0},{"frame":0.5,"value":130}]}}}]