[{"__type__":"cc.SpriteFrame","content":{"name":"sr-con-bg3","texture":"d8eRvfA91L6pnCERRgSvDD","rect":[0,0,591,502],"offset":[0,0],"originalSize":[591,502]}},{"__type__":"cc.SpriteFrame","content":{"name":"rank-user1","texture":"07i7ksZ4ZBUIbc/P7Kg5Ve","rect":[0,0,168,140],"offset":[0,0],"originalSize":[168,140]}},{"__type__":"cc.SpriteFrame","content":{"name":"rank-user2","texture":"88JnAJlCdDAa2Njssla+6Z","rect":[0,0,132,136],"offset":[0,0],"originalSize":[132,136]}},[{"__type__":"cc.Prefab","_name":"uiResultVer","data":{"__id__":1},"asyncLoadAssets":null},{"__type__":"cc.Node","_name":"uiResultVer","_children":[{"__id__":2},{"__id__":5},{"__id__":10},{"__id__":15},{"__id__":20}],"_components":[{"__type__":"f36ab+a3uVHprGY+tE/xnl0","node":{"__id__":1}}],"_prefab":{"__type__":"cc.PrefabInfo","root":{"__id__":1},"fileId":"d0pSGBlnJAVr+h++UdB6sz"},"_contentSize":{"__type__":"cc.Size","width":750,"height":1334}},{"__type__":"cc.Node","_name":"bg","_parent":{"__id__":1},"_children":[{"__id__":3},{"__id__":4}],"_components":[{"__type__":"cc.Sprite","node":{"__id__":2},"_spriteFrame":{"__uuid__":"b1ISyKq+5AP6UQ7w2jnoLy"}},{"__type__":"cc.Button","node":{"__id__":2},"_N$target":{"__id__":2}}],"_prefab":{"__type__":"cc.PrefabInfo","root":{"__id__":1},"fileId":"7cwd4J8gdA0LYols+c9jF1"},"_contentSize":{"__type__":"cc.Size","width":750,"height":1334}},{"__type__":"cc.Node","_name":"sr-con-bg3","_parent":{"__id__":2},"_components":[{"__type__":"cc.Sprite","node":{"__id__":3},"_spriteFrame":{"__uuid__":"04KRs9qRxAq42gGyfwk8pF"},"_sizeMode":0}],"_prefab":{"__type__":"cc.PrefabInfo","root":{"__id__":1},"fileId":"10zR2NpRlGzbEUc9fSQ9sl"},"_contentSize":{"__type__":"cc.Size","width":722,"height":450},"_position":{"__type__":"cc.Vec2","y":125}},{"__type__":"cc.Node","_name":"sr-con-light","_parent":{"__id__":2},"_components":[{"__type__":"cc.Sprite","node":{"__id__":4},"_spriteFrame":{"__uuid__":"f2JBD1nD1B/6elmxmlrc9q"}}],"_prefab":{"__type__":"cc.PrefabInfo","root":{"__id__":1},"fileId":"8dJpVX0dJDyaAi4hIVh69v"},"_contentSize":{"__type__":"cc.Size","width":567,"height":326},"_position":{"__type__":"cc.Vec2","x":4,"y":324}},{"__type__":"cc.Node","_name":"key_player1","_parent":{"__id__":1},"_children":[{"__id__":6},{"__id__":7}],"_components":[{"__id__":9},{"__type__":"38706mPQDBCcq8qjMuqQHVj","node":{"__id__":5},"icon":{"__id__":9},"nameLb":{"__id__":8}}],"_prefab":{"__type__":"cc.PrefabInfo","root":{"__id__":1},"fileId":"08/aAs7lNEFrcXxjTBYMYy"},"_contentSize":{"__type__":"cc.Size","width":146,"height":146},"_position":{"__type__":"cc.Vec2","x":3,"y":220}},{"__type__":"cc.Node","_name":"rank-user1","_parent":{"__id__":5},"_components":[{"__type__":"cc.Sprite","node":{"__id__":6},"_spriteFrame":{"__uuid__":"08jWBa3jNGX4gEw4D37TGG"},"_sizeMode":0}],"_prefab":{"__type__":"cc.PrefabInfo","root":{"__id__":1},"fileId":"841bq/TLFBaYMdC8Zx4XHJ"},"_contentSize":{"__type__":"cc.Size","width":254,"height":220},"_position":{"__type__":"cc.Vec2","x":-3,"y":10}},{"__type__":"cc.Node","_name":"label","_parent":{"__id__":5},"_components":[{"__id__":8}],"_prefab":{"__type__":"cc.PrefabInfo","root":{"__id__":1},"fileId":"4dtGsu9LRGsqnc9jeXISJm"},"_color":{"__type__":"cc.Color","r":153,"g":153,"b":153},"_contentSize":{"__type__":"cc.Size","width":83,"height":40},"_position":{"__type__":"cc.Vec2","x":-3,"y":-138}},{"__type__":"cc.Label","node":{"__id__":7},"_useOriginalSize":false,"_actualFontSize":30,"_fontSize":30,"_N$string":"12345","_N$horizontalAlign":1,"_N$verticalAlign":1},{"__type__":"cc.Sprite","node":{"__id__":5},"_spriteFrame":{"__uuid__":"8budMyT15FULZJN+/X8JP2"},"_sizeMode":0},{"__type__":"cc.Node","_name":"key_player2","_parent":{"__id__":1},"_children":[{"__id__":11},{"__id__":13}],"_components":[{"__id__":14},{"__type__":"38706mPQDBCcq8qjMuqQHVj","node":{"__id__":10},"icon":{"__id__":14},"nameLb":{"__id__":12}}],"_prefab":{"__type__":"cc.PrefabInfo","root":{"__id__":1},"fileId":"b9a1AfLkpKzqtLGlKv9fjJ"},"_contentSize":{"__type__":"cc.Size","width":124,"height":124},"_position":{"__type__":"cc.Vec2","x":-213,"y":81}},{"__type__":"cc.Node","_name":"label","_parent":{"__id__":10},"_components":[{"__id__":12}],"_prefab":{"__type__":"cc.PrefabInfo","root":{"__id__":1},"fileId":"1fyDg6RhtGoLk9UXY7oD2W"},"_color":{"__type__":"cc.Color","r":153,"g":153,"b":153},"_contentSize":{"__type__":"cc.Size","width":83,"height":40},"_position":{"__type__":"cc.Vec2","y":-117}},{"__type__":"cc.Label","node":{"__id__":11},"_useOriginalSize":false,"_actualFontSize":30,"_fontSize":30,"_N$string":"12345","_N$horizontalAlign":1,"_N$verticalAlign":1},{"__type__":"cc.Node","_name":"rank-user3","_parent":{"__id__":10},"_components":[{"__type__":"cc.Sprite","node":{"__id__":13},"_spriteFrame":{"__uuid__":"84MwbrwGZGf50TKkuToDvw"},"_sizeMode":0}],"_prefab":{"__type__":"cc.PrefabInfo","root":{"__id__":1},"fileId":"e6qwMGs2NBqbSJYD1H0qWN"},"_contentSize":{"__type__":"cc.Size","width":154,"height":158},"_position":{"__type__":"cc.Vec2","y":-4}},{"__type__":"cc.Sprite","node":{"__id__":10},"_spriteFrame":{"__uuid__":"8budMyT15FULZJN+/X8JP2"},"_sizeMode":0},{"__type__":"cc.Node","_name":"key_player3","_parent":{"__id__":1},"_children":[{"__id__":16},{"__id__":17}],"_components":[{"__id__":19},{"__type__":"38706mPQDBCcq8qjMuqQHVj","node":{"__id__":15},"icon":{"__id__":19},"nameLb":{"__id__":18}}],"_prefab":{"__type__":"cc.PrefabInfo","root":{"__id__":1},"fileId":"dep+k7vglI4bz4il8JAV5L"},"_contentSize":{"__type__":"cc.Size","width":112,"height":112},"_position":{"__type__":"cc.Vec2","x":191,"y":57}},{"__type__":"cc.Node","_name":"rank-user2","_parent":{"__id__":15},"_components":[{"__type__":"cc.Sprite","node":{"__id__":16},"_spriteFrame":{"__uuid__":"1fmkV3hl5N2qERmNasS1cn"},"_sizeMode":0}],"_prefab":{"__type__":"cc.PrefabInfo","root":{"__id__":1},"fileId":"6dL4hTldtPdLLKX5s1Pv7g"},"_contentSize":{"__type__":"cc.Size","width":154,"height":158},"_position":{"__type__":"cc.Vec2","y":-2}},{"__type__":"cc.Node","_name":"label","_parent":{"__id__":15},"_components":[{"__id__":18}],"_prefab":{"__type__":"cc.PrefabInfo","root":{"__id__":1},"fileId":"f3BIIfgwNBF6RQi8ZtrhC5"},"_color":{"__type__":"cc.Color","r":153,"g":153,"b":153},"_contentSize":{"__type__":"cc.Size","width":83,"height":40},"_position":{"__type__":"cc.Vec2","y":-115}},{"__type__":"cc.Label","node":{"__id__":17},"_useOriginalSize":false,"_actualFontSize":30,"_fontSize":30,"_N$string":"12345","_N$horizontalAlign":1,"_N$verticalAlign":1},{"__type__":"cc.Sprite","node":{"__id__":15},"_spriteFrame":{"__uuid__":"8budMyT15FULZJN+/X8JP2"},"_sizeMode":0},{"__type__":"cc.Node","_name":"key_quit","_parent":{"__id__":1},"_children":[{"__id__":21}],"_components":[{"__type__":"cc.Sprite","node":{"__id__":20},"_spriteFrame":{"__uuid__":"9dL14loyJETqgbc7RpoO3r"}},{"__type__":"cc.Button","node":{"__id__":20},"_N$target":{"__id__":20}}],"_prefab":{"__type__":"cc.PrefabInfo","root":{"__id__":1},"fileId":"4eRfMK/DhA3oyXWhLihV0o"},"_contentSize":{"__type__":"cc.Size","width":260,"height":70},"_position":{"__type__":"cc.Vec2","y":-239}},{"__type__":"cc.Node","_name":"label","_parent":{"__id__":20},"_components":[{"__type__":"cc.Label","node":{"__id__":21},"_useOriginalSize":false,"_N$string":"返回","_N$horizontalAlign":1,"_N$verticalAlign":1}],"_prefab":{"__type__":"cc.PrefabInfo","root":{"__id__":1},"fileId":"2bJAXggOZOnYz1C/nooKk6"},"_contentSize":{"__type__":"cc.Size","width":80,"height":40}}],{"__type__":"cc.SpriteFrame","content":{"name":"rank-user3","texture":"75t/g+qMBNPrJei0D98m7b","rect":[0,0,120,127],"offset":[0,0],"originalSize":[120,127]}},{"__type__":"cc.SpriteFrame","content":{"name":"def-use","texture":"2751KuN5BJXItwhf2iwnex","rect":[0,0,131,131],"offset":[0,0],"originalSize":[131,131]}},{"__type__":"cc.SpriteFrame","content":{"name":"home-btn5","texture":"5dSL89GjdEg6Bi4qNMHpt1","rect":[0,0,260,70],"offset":[0,0],"originalSize":[260,70]}},{"__type__":"cc.SpriteFrame","content":{"name":"ver-con-bg","texture":"95ACtNiaJC7YIe3yoQa0yV","rect":[0,0,750,1334],"offset":[0,0],"originalSize":[750,1334]}},{"__type__":"cc.SpriteFrame","content":{"name":"ver-con-light","texture":"3185VYV8FDfIlSOO0/dRtW","rect":[0,0,567,326],"offset":[0,0],"originalSize":[567,326]}}]