[[{"__type__":"cc.Prefab","_name":"block_2","data":{"__id__":1},"asyncLoadAssets":null},{"__type__":"cc.Node","_name":"img_46","_components":[{"__type__":"cc.Sprite","node":{"__id__":1},"_spriteFrame":{"__uuid__":"f8Oi0MYtpDdbdqk7zRvZgR"},"_sizeMode":0},{"__type__":"cc.Button","node":{"__id__":1},"_N$target":{"__id__":1}},{"__type__":"8fd5fQJ7V9MaooovKVX5rk8","node":{"__id__":1}}],"_prefab":{"__type__":"cc.PrefabInfo","root":{"__id__":1},"asset":{"__uuid__":"93zoc4+FhLBb2rLlHAlCZA"},"fileId":"90A5q8VM5O0a4DZeqT3jAK"},"_contentSize":{"__type__":"cc.Size","width":75,"height":75},"_position":{"__type__":"cc.Vec2","x":-231}}],{"__type__":"cc.SpriteFrame","content":{"name":"img_46","texture":"4e/8r3NKBJm49f9HOD/bBm","rect":[0,0,75,83],"offset":[0,0],"originalSize":[75,83]}}]