[{"__type__":"cc.SpriteFrame","content":{"name":"img_19","texture":"caRQXBiHdCuJPSGtLRPGb6","rect":[0,0,75,83],"offset":[0,0],"originalSize":[75,83]}},[{"__type__":"cc.Prefab","_name":"block_8","data":{"__id__":1},"asyncLoadAssets":null},{"__type__":"cc.Node","_name":"img_19","_components":[{"__type__":"cc.Sprite","node":{"__id__":1},"_spriteFrame":{"__uuid__":"1ck6BXTUlNiow2OnfIuuK0"},"_sizeMode":0},{"__type__":"cc.Button","node":{"__id__":1},"_N$target":{"__id__":1}},{"__type__":"8fd5fQJ7V9MaooovKVX5rk8","node":{"__id__":1}}],"_prefab":{"__type__":"cc.PrefabInfo","root":{"__id__":1},"asset":{"__uuid__":"9eWceIOoVIOZPhyVhv4uY5"},"fileId":"64n8BxJwFE2ol7gGJCItEx"},"_contentSize":{"__type__":"cc.Size","width":75,"height":75},"_position":{"__type__":"cc.Vec2","x":52,"y":-187}}]]