[{"__type__":"cc.SpriteFrame","content":{"name":"sr-btn","texture":"9dfy4Y9idA6ab65ftvG6w3","rect":[0,0,260,50],"offset":[0,0],"originalSize":[260,50],"capInsets":[20,20,20,20]}},{"__type__":"cc.SpriteFrame","content":{"name":"dating-btn","texture":"68Swe655VBuqhc99jV69xb","rect":[0,0,524,114],"offset":[0,0],"originalSize":[524,114]}},{"__type__":"cc.SpriteFrame","content":{"name":"default_btn_disabled","texture":"71VhFCTINJM6/Ky3oX9nBT","rect":[0,0,40,40],"offset":[0,0],"originalSize":[40,40],"capInsets":[15,7,15,9]}},{"__type__":"cc.SpriteFrame","content":{"name":"room-kuang2","texture":"a4pE+0rBpCHIXWPSPAagGN","rect":[0,0,248,60],"offset":[0,0],"originalSize":[248,60],"capInsets":[13,13,13,13]}},{"__type__":"cc.SpriteFrame","content":{"name":"cpm-logo2","texture":"67DkNPplVP+JJcoNm4LgMP","rect":[0,0,623,547],"offset":[0,0],"originalSize":[623,547]}},{"__type__":"cc.SpriteFrame","content":{"name":"minus","texture":"b3xiO/8GNP84LAI39G76Z3","rect":[0,0,48,10],"offset":[0,0],"originalSize":[48,10]}},{"__type__":"cc.SpriteFrame","content":{"name":"default_sprite_splash","texture":"02delMVqdBD70a/HSD99FK","rect":[0,0,2,2],"offset":[0,0],"originalSize":[2,2]}},[{"__type__":"cc.Prefab","_name":"uiCreateRoomVer","data":{"__id__":1},"asyncLoadAssets":null},{"__type__":"cc.Node","_name":"uiCreateRoomVer","_children":[{"__id__":2},{"__id__":3},{"__id__":4},{"__id__":5},{"__id__":6},{"__id__":7},{"__id__":9},{"__id__":11}],"_components":[{"__type__":"e15a0SellRL6YcLfubCYSrA","node":{"__id__":1}}],"_prefab":{"__type__":"cc.PrefabInfo","root":{"__id__":1},"fileId":"29Qzk8/epPkpS25becQ8y6"}},{"__type__":"cc.Node","_name":"Mask","_parent":{"__id__":1},"_components":[{"__type__":"cc.Sprite","node":{"__id__":2},"_spriteFrame":{"__uuid__":"a2MjXRFdtLlYQ5ouAFv/+R"},"_sizeMode":0},{"__type__":"cc.Button","node":{"__id__":2},"_N$target":{"__id__":2}}],"_prefab":{"__type__":"cc.PrefabInfo","root":{"__id__":1},"fileId":"23edJhJRRJfLYILYqZLkV2"},"_opacity":150,"_color":{"__type__":"cc.Color"},"_contentSize":{"__type__":"cc.Size","width":750,"height":1344}},{"__type__":"cc.Node","_name":"BG","_parent":{"__id__":1},"_components":[{"__type__":"cc.Sprite","node":{"__id__":3},"_spriteFrame":{"__uuid__":"3dM9nQiI5I6KJG8/qR5PFA"},"_sizeMode":2,"_isTrimmedMode":false},{"__type__":"cc.Button","node":{"__id__":3},"_N$target":{"__id__":3}}],"_prefab":{"__type__":"cc.PrefabInfo","root":{"__id__":1},"fileId":"6cqpFC+S9LI78XmGcmAXkl"},"_opacity":231,"_contentSize":{"__type__":"cc.Size","width":623,"height":547}},{"__type__":"cc.Node","_name":"key_addNode","_parent":{"__id__":1},"_components":[{"__type__":"cc.Sprite","node":{"__id__":4},"_spriteFrame":{"__uuid__":"e7k+fgaetJ0ZVzxLbJa2C8"},"_type":1,"_sizeMode":2,"_isTrimmedMode":false},{"__type__":"cc.Button","node":{"__id__":4},"transition":1,"pressedColor":{"__type__":"cc.Color","r":228,"g":226,"b":226},"_N$normalColor":{"__type__":"cc.Color","r":255,"g":255,"b":255},"_N$disabledColor":{"__type__":"cc.Color","r":128,"g":128,"b":128},"_N$normalSprite":{"__uuid__":"f0BIwQ8D5Ml7nTNQbh1YlS"},"_N$pressedSprite":{"__uuid__":"e97GVMl6JHh5Ml5qEDdSGa"},"pressedSprite":{"__uuid__":"e97GVMl6JHh5Ml5qEDdSGa"},"_N$hoverSprite":{"__uuid__":"e97GVMl6JHh5Ml5qEDdSGa"},"hoverSprite":{"__uuid__":"e97GVMl6JHh5Ml5qEDdSGa"},"_N$disabledSprite":{"__uuid__":"29FYIk+N1GYaeWH/q1NxQO"},"_N$target":{"__id__":4}}],"_prefab":{"__type__":"cc.PrefabInfo","root":{"__id__":1},"fileId":"c5sPVyaK5OYa1xw0IYnPrK"},"_contentSize":{"__type__":"cc.Size","width":48,"height":48},"_position":{"__type__":"cc.Vec2","x":193.9,"y":2}},{"__type__":"cc.Node","_name":"key_subNode","_parent":{"__id__":1},"_components":[{"__type__":"cc.Sprite","node":{"__id__":5},"_spriteFrame":{"__uuid__":"95HQS+rJFJP7aG5V2lDsoL"},"_type":1,"_sizeMode":2,"_isTrimmedMode":false},{"__type__":"cc.Button","node":{"__id__":5},"transition":1,"pressedColor":{"__type__":"cc.Color","r":228,"g":228,"b":228},"_N$normalColor":{"__type__":"cc.Color","r":255,"g":255,"b":255},"_N$disabledColor":{"__type__":"cc.Color","r":128,"g":128,"b":128},"_N$normalSprite":{"__uuid__":"95HQS+rJFJP7aG5V2lDsoL"},"_N$pressedSprite":{"__uuid__":"e97GVMl6JHh5Ml5qEDdSGa"},"pressedSprite":{"__uuid__":"e97GVMl6JHh5Ml5qEDdSGa"},"_N$hoverSprite":{"__uuid__":"e97GVMl6JHh5Ml5qEDdSGa"},"hoverSprite":{"__uuid__":"e97GVMl6JHh5Ml5qEDdSGa"},"_N$disabledSprite":{"__uuid__":"29FYIk+N1GYaeWH/q1NxQO"},"_N$target":{"__id__":5}}],"_prefab":{"__type__":"cc.PrefabInfo","root":{"__id__":1},"fileId":"ecquE/AOdPbI+Jw8UoSQjy"},"_contentSize":{"__type__":"cc.Size","width":48,"height":10},"_position":{"__type__":"cc.Vec2","x":-12.4,"y":2}},{"__type__":"cc.Node","_name":"key_roomName","_parent":{"__id__":1},"_components":[{"__type__":"cc.EditBox","node":{"__id__":6},"_useOriginalSize":false,"_N$backgroundImage":{"__uuid__":"2c/tInFexPAbOt+hsmkDUI"},"_N$inputMode":6,"_N$fontSize":29.9,"_N$fontColor":{"__type__":"cc.Color"},"_N$placeholder":" 输入房间名..","_N$placeholderFontSize":30,"_N$placeholderFontColor":{"__type__":"cc.Color","r":170,"g":166,"b":166},"_N$maxLength":8}],"_prefab":{"__type__":"cc.PrefabInfo","root":{"__id__":1},"fileId":"edSILsvL9ESbysKG9Bh2qw"},"_contentSize":{"__type__":"cc.Size","width":220,"height":60},"_position":{"__type__":"cc.Vec2","x":85.6,"y":-140}},{"__type__":"cc.Node","_name":"cntBg","_parent":{"__id__":1},"_children":[{"__id__":8}],"_components":[{"__type__":"cc.Sprite","node":{"__id__":7},"_spriteFrame":{"__uuid__":"2c/tInFexPAbOt+hsmkDUI"},"_type":1,"_sizeMode":0,"_isTrimmedMode":false}],"_prefab":{"__type__":"cc.PrefabInfo","root":{"__id__":1},"fileId":"44uv49rOVMAKiiiftmqjlL"},"_contentSize":{"__type__":"cc.Size","width":50,"height":50},"_position":{"__type__":"cc.Vec2","x":89.4,"y":3.5}},{"__type__":"cc.Node","_name":"key_playerCnt","_parent":{"__id__":7},"_components":[{"__type__":"cc.Label","node":{"__id__":8},"_useOriginalSize":false,"_actualFontSize":25,"_fontSize":25,"_N$string":"1","_N$horizontalAlign":1,"_N$verticalAlign":1}],"_prefab":{"__type__":"cc.PrefabInfo","root":{"__id__":1},"fileId":"7atabwBh9Ct65o8hJ1yftc"},"_color":{"__type__":"cc.Color"},"_contentSize":{"__type__":"cc.Size","width":14,"height":40}},{"__type__":"cc.Node","_name":"key_create","_parent":{"__id__":1},"_children":[{"__id__":10}],"_components":[{"__type__":"cc.Sprite","node":{"__id__":9},"_spriteFrame":{"__uuid__":"24bYG6pqNLc5vtx31LQRta"},"_type":1,"_sizeMode":0},{"__type__":"cc.Button","node":{"__id__":9},"transition":1,"pressedColor":{"__type__":"cc.Color","r":235,"g":235,"b":235},"_N$normalColor":{"__type__":"cc.Color","r":255,"g":255,"b":255},"_N$disabledColor":{"__type__":"cc.Color","r":255,"g":255,"b":255},"_N$normalSprite":{"__uuid__":"24bYG6pqNLc5vtx31LQRta"},"_N$pressedSprite":{"__uuid__":"e97GVMl6JHh5Ml5qEDdSGa"},"pressedSprite":{"__uuid__":"e97GVMl6JHh5Ml5qEDdSGa"},"_N$hoverSprite":{"__uuid__":"e97GVMl6JHh5Ml5qEDdSGa"},"hoverSprite":{"__uuid__":"e97GVMl6JHh5Ml5qEDdSGa"},"_N$disabledSprite":{"__uuid__":"29FYIk+N1GYaeWH/q1NxQO"},"_N$target":{"__id__":9}}],"_prefab":{"__type__":"cc.PrefabInfo","root":{"__id__":1},"fileId":"9245CGxRJA0J77slH+pUgT"},"_contentSize":{"__type__":"cc.Size","width":200,"height":75},"_position":{"__type__":"cc.Vec2","x":4,"y":-308}},{"__type__":"cc.Node","_name":"Label","_parent":{"__id__":9},"_components":[{"__type__":"cc.Label","node":{"__id__":10},"_useOriginalSize":false,"_actualFontSize":35,"_fontSize":35,"_enableWrapText":false,"_N$string":"创建","_N$horizontalAlign":1,"_N$verticalAlign":1,"_N$overflow":1}],"_prefab":{"__type__":"cc.PrefabInfo","root":{"__id__":1},"fileId":"6bdB0Uld9PtZObqX4oz8+l"},"_color":{"__type__":"cc.Color"},"_contentSize":{"__type__":"cc.Size","width":100,"height":40}},{"__type__":"cc.Node","_name":"key_quit","_parent":{"__id__":1},"_components":[{"__type__":"cc.Sprite","node":{"__id__":11},"_spriteFrame":{"__uuid__":"d0yFcB1GRHO5L2b6tgg9aG"},"_type":1,"_sizeMode":2,"_isTrimmedMode":false},{"__type__":"cc.Button","node":{"__id__":11},"transition":1,"pressedColor":{"__type__":"cc.Color","r":238,"g":238,"b":238},"_N$normalColor":{"__type__":"cc.Color","r":255,"g":255,"b":255},"_N$disabledColor":{"__type__":"cc.Color","r":255,"g":255,"b":255},"_N$normalSprite":{"__uuid__":"01TaKJ7hBJgrWu4L+gSTdb"},"_N$pressedSprite":{"__uuid__":"e97GVMl6JHh5Ml5qEDdSGa"},"pressedSprite":{"__uuid__":"e97GVMl6JHh5Ml5qEDdSGa"},"_N$hoverSprite":{"__uuid__":"e97GVMl6JHh5Ml5qEDdSGa"},"hoverSprite":{"__uuid__":"e97GVMl6JHh5Ml5qEDdSGa"},"_N$disabledSprite":{"__uuid__":"29FYIk+N1GYaeWH/q1NxQO"},"_N$target":{"__id__":11}}],"_prefab":{"__type__":"cc.PrefabInfo","root":{"__id__":1},"fileId":"bdv43d9xpJD5V7TEBJefpv"},"_contentSize":{"__type__":"cc.Size","width":75,"height":75},"_position":{"__type__":"cc.Vec2","x":293,"y":127}}],{"__type__":"cc.SpriteFrame","content":{"name":"close","texture":"98lDyJdpVFubg8J6DTKCYx","rect":[0,0,75,75],"offset":[0,0],"originalSize":[75,75]}},{"__type__":"cc.SpriteFrame","content":{"name":"icon-plus","texture":"4dVssmixFH8qi7TNRKYiTy","rect":[0,0,48,48],"offset":[0,0],"originalSize":[48,48]}},{"__type__":"cc.SpriteFrame","content":{"name":"default_btn_pressed","texture":"b4P/PCArtIdIH38t6mlw8Y","rect":[0,0,40,40],"offset":[0,0],"originalSize":[40,40],"capInsets":[11,11,11,7]}},{"__type__":"cc.SpriteFrame","content":{"name":"default_btn_normal","texture":"e8Ueib+qJEhL6mXAHdnwbi","rect":[0,0,40,40],"offset":[0,0],"originalSize":[40,40],"capInsets":[8,11,7,9]}}]