[{"__type__":"cc.ParticleAsset","_name":"star2","_native":".plist"},[{"__type__":"cc.Prefab","_name":"effect","data":{"__id__":1}},{"__type__":"cc.Node","_name":"effect","_children":[{"__id__":2},{"__id__":3}],"_components":[{"__type__":"c8494tcvclJC7VByUyK0fO9","node":{"__id__":1},"arrParticle":[{"__id__":2},{"__id__":3}]}],"_prefab":{"__type__":"cc.PrefabInfo","root":{"__id__":1},"asset":{"__uuid__":"3e72G0NSVIFLeDD+aaB+ik"},"fileId":"55J2mPOCZGVI9T6+e2dycs"}},{"__type__":"cc.Node","_name":"qipao","_parent":{"__id__":1},"_components":[{"__type__":"cc.ParticleSystem","node":{"__id__":2},"_file":{"__uuid__":"4cJYGsEHRO85vTKKNsGkuv"}}],"_prefab":{"__type__":"cc.PrefabInfo","root":{"__id__":1},"asset":{"__uuid__":"3e72G0NSVIFLeDD+aaB+ik"},"fileId":"25Fq98ZRBClqBM5S/W4m4f"}},{"__type__":"cc.Node","_name":"star2","_parent":{"__id__":1},"_components":[{"__type__":"cc.ParticleSystem","node":{"__id__":3},"_file":{"__uuid__":"2262MD1LRMJp+KGmnWFLHF"}}],"_prefab":{"__type__":"cc.PrefabInfo","root":{"__id__":1},"asset":{"__uuid__":"3e72G0NSVIFLeDD+aaB+ik"},"fileId":"26D/+6xsBCNY6+F+/BYs79"},"_rotationX":180,"_rotationY":180}],{"__type__":"cc.ParticleAsset","_name":"qipao","_native":".plist"}]