[{"__type__":"cc.SpriteFrame","content":{"name":"img_52","texture":"e1CdMOOepE3a/6vdDhkCYx","rect":[0,0,75,83],"offset":[0,0],"originalSize":[75,83]}},[{"__type__":"cc.Prefab","_name":"block_5","data":{"__id__":1},"asyncLoadAssets":null},{"__type__":"cc.Node","_name":"img_52","_components":[{"__type__":"cc.Sprite","node":{"__id__":1},"_spriteFrame":{"__uuid__":"2cEkI78qVAv6YlzYgPnMf1"},"_sizeMode":0},{"__type__":"cc.Button","node":{"__id__":1},"_N$target":{"__id__":1}},{"__type__":"8fd5fQJ7V9MaooovKVX5rk8","node":{"__id__":1}}],"_prefab":{"__type__":"cc.PrefabInfo","root":{"__id__":1},"asset":{"__uuid__":"99wd/IfxBC6Jh5ZlpBZVo2"},"fileId":"58mGmY3zdG+5J3ldrkmY8D"},"_contentSize":{"__type__":"cc.Size","width":75,"height":75},"_position":{"__type__":"cc.Vec2","x":77}}]]