[{"__type__":"cc.SpriteFrame","content":{"name":"img_26","texture":"d0skV07Q1FnIjyOdAILxXb","rect":[0,0,98,109],"offset":[0,0],"originalSize":[98,109]}},{"__type__":"cc.SpriteFrame","content":{"name":"box_04","texture":"b1aFV0pJ5Cwqkq6lm0OzqK","rect":[0,0,75,83],"offset":[0,0],"originalSize":[75,83]}},[{"__type__":"cc.Prefab","_name":"selfBox","data":{"__id__":1}},{"__type__":"cc.Node","_name":"selfBox","_children":[{"__id__":2}],"_components":[{"__type__":"cc.Sprite","node":{"__id__":1},"_spriteFrame":{"__uuid__":"8dqH8Xw51AYbArq7fkzJj2"},"_sizeMode":0}],"_prefab":{"__type__":"cc.PrefabInfo","root":{"__id__":1},"asset":{"__id__":0},"fileId":"84kuXAXjFHd7WBTvM0k8Zt"},"_contentSize":{"__type__":"cc.Size","width":103,"height":103},"_position":{"__type__":"cc.Vec2","x":-67.6,"y":-35.2}},{"__type__":"cc.Node","_name":"box_04","_parent":{"__id__":1},"_components":[{"__type__":"cc.Sprite","node":{"__id__":2},"_spriteFrame":{"__uuid__":"d4GTVpXHBCWKGZWzyxFIlz"},"_sizeMode":0}],"_prefab":{"__type__":"cc.PrefabInfo","root":{"__id__":1},"asset":{"__id__":0},"fileId":"f6E4Dm8rxErY2MOPBwQNha"},"_opacity":200,"_contentSize":{"__type__":"cc.Size","width":75,"height":75}}]]