[[{"__type__":"cc.Prefab","_name":"uiReconnection","data":{"__id__":1},"asyncLoadAssets":null},{"__type__":"cc.Node","_name":"uiReconnection","_children":[{"__id__":2},{"__id__":3},{"__id__":4},{"__id__":7}],"_components":[{"__type__":"2da3bX/pdNOsLzvJoIJQmyU","node":{"__id__":1}}],"_prefab":{"__type__":"cc.PrefabInfo","root":{"__id__":1},"asset":{"__uuid__":"15IvRrRqtLNqK2IMlOagWC"},"fileId":"d8niOnBblMl41vbZCXlox3"},"_scaleX":2,"_scaleY":2},{"__type__":"cc.Node","_name":"box","_parent":{"__id__":1},"_components":[{"__type__":"cc.Sprite","node":{"__id__":2},"_spriteFrame":{"__uuid__":"f7X+DtFb1FcJiuOxXqweto"}}],"_prefab":{"__type__":"cc.PrefabInfo","root":{"__id__":1},"asset":{"__uuid__":"15IvRrRqtLNqK2IMlOagWC"},"fileId":"f8V95wSZRLAYQ4cIil9EHY"},"_contentSize":{"__type__":"cc.Size","width":623,"height":543},"_scaleX":0.5,"_scaleY":0.5,"_position":{"__type__":"cc.Vec2","x":-5,"y":29}},{"__type__":"cc.Node","_name":"key_label","_parent":{"__id__":1},"_components":[{"__type__":"cc.Label","node":{"__id__":3},"_useOriginalSize":false,"_actualFontSize":20,"_fontSize":20,"_N$string":"网络连接中断","_N$horizontalAlign":1,"_N$verticalAlign":1}],"_prefab":{"__type__":"cc.PrefabInfo","root":{"__id__":1},"asset":{"__uuid__":"15IvRrRqtLNqK2IMlOagWC"},"fileId":"97XPXIDGpBgLDpbyTJ4nTq"},"_color":{"__type__":"cc.Color"},"_contentSize":{"__type__":"cc.Size","width":120,"height":40},"_position":{"__type__":"cc.Vec2","y":40}},{"__type__":"cc.Node","_name":"key_reconnection","_parent":{"__id__":1},"_children":[{"__id__":5},{"__id__":6}],"_components":[{"__type__":"cc.Sprite","node":{"__id__":4},"_spriteFrame":{"__uuid__":"9dL14loyJETqgbc7RpoO3r"},"_type":1,"_sizeMode":0},{"__type__":"cc.Button","node":{"__id__":4},"transition":2,"pressedColor":{"__type__":"cc.Color","r":255,"g":255,"b":255},"_N$normalColor":{"__type__":"cc.Color","r":255,"g":255,"b":255},"_N$disabledColor":{"__type__":"cc.Color","r":255,"g":255,"b":255},"_N$normalSprite":{"__uuid__":"9dL14loyJETqgbc7RpoO3r"},"_N$pressedSprite":{"__uuid__":"e97GVMl6JHh5Ml5qEDdSGa"},"pressedSprite":{"__uuid__":"e97GVMl6JHh5Ml5qEDdSGa"},"_N$hoverSprite":{"__uuid__":"e97GVMl6JHh5Ml5qEDdSGa"},"hoverSprite":{"__uuid__":"e97GVMl6JHh5Ml5qEDdSGa"},"_N$disabledSprite":{"__uuid__":"29FYIk+N1GYaeWH/q1NxQO"},"_N$target":{"__id__":4}}],"_prefab":{"__type__":"cc.PrefabInfo","root":{"__id__":1},"asset":{"__uuid__":"15IvRrRqtLNqK2IMlOagWC"},"fileId":"ccmjy7425IeJaHp7BMBWxT"},"_contentSize":{"__type__":"cc.Size","width":100,"height":40},"_position":{"__type__":"cc.Vec2","x":-1,"y":-49}},{"__type__":"cc.Node","_name":"home-btn2","_parent":{"__id__":4},"_components":[{"__type__":"cc.Sprite","node":{"__id__":5},"_spriteFrame":{"__uuid__":"2fB1vtsQNEabxJl/1upglU"},"_sizeMode":0}],"_prefab":{"__type__":"cc.PrefabInfo","root":{"__id__":1},"asset":{"__uuid__":"15IvRrRqtLNqK2IMlOagWC"},"fileId":"76KrYGyVxLZbTHiH3S5IMp"},"_contentSize":{"__type__":"cc.Size","width":100,"height":40}},{"__type__":"cc.Node","_name":"Label","_parent":{"__id__":4},"_components":[{"__type__":"cc.Label","node":{"__id__":6},"_useOriginalSize":false,"_actualFontSize":20,"_fontSize":20,"_enableWrapText":false,"_N$string":"重新连接","_N$horizontalAlign":1,"_N$verticalAlign":1,"_N$overflow":1}],"_prefab":{"__type__":"cc.PrefabInfo","root":{"__id__":1},"asset":{"__uuid__":"15IvRrRqtLNqK2IMlOagWC"},"fileId":"6cqzuCcahIdrJOU1mSA+cU"},"_color":{"__type__":"cc.Color"},"_contentSize":{"__type__":"cc.Size","width":100,"height":40}},{"__type__":"cc.Node","_name":"key_time","_parent":{"__id__":1},"_components":[{"__type__":"cc.Label","node":{"__id__":7},"_useOriginalSize":false,"_N$string":"15","_N$horizontalAlign":1,"_N$verticalAlign":1}],"_prefab":{"__type__":"cc.PrefabInfo","root":{"__id__":1},"asset":{"__uuid__":"15IvRrRqtLNqK2IMlOagWC"},"fileId":"b2q3MJz2BDdJQzLFvXGuQh"},"_color":{"__type__":"cc.Color"},"_contentSize":{"__type__":"cc.Size","width":44,"height":40}}],{"__type__":"cc.SpriteFrame","content":{"name":"default_btn_disabled","texture":"71VhFCTINJM6/Ky3oX9nBT","rect":[0,0,40,40],"offset":[0,0],"originalSize":[40,40],"capInsets":[15,7,15,9]}},{"__type__":"cc.SpriteFrame","content":{"name":"home-btn2","texture":"b0uoCBts1PsJ1cX9Ktglwv","rect":[0,0,92,40],"offset":[0,0],"originalSize":[92,40]}},{"__type__":"cc.SpriteFrame","content":{"name":"home-btn5","texture":"5dSL89GjdEg6Bi4qNMHpt1","rect":[0,0,260,70],"offset":[0,0],"originalSize":[260,70]}},{"__type__":"cc.SpriteFrame","content":{"name":"default_btn_pressed","texture":"b4P/PCArtIdIH38t6mlw8Y","rect":[0,0,40,40],"offset":[0,0],"originalSize":[40,40],"capInsets":[11,11,11,7]}},{"__type__":"cc.SpriteFrame","content":{"name":"box","texture":"24S2UNZ1xHwJ8Uz1hLgdKF","rect":[0,0,623,543],"offset":[0,0],"originalSize":[623,543]}}]