[[{"__type__":"cc.Prefab","_name":"block_4","data":{"__id__":1},"asyncLoadAssets":null},{"__type__":"cc.Node","_name":"img_31","_components":[{"__type__":"cc.Sprite","node":{"__id__":1},"_spriteFrame":{"__uuid__":"caf6Yj4XJHJ5nkevcx+pmO"},"_sizeMode":0},{"__type__":"cc.Button","node":{"__id__":1},"_N$target":{"__id__":1}},{"__type__":"8fd5fQJ7V9MaooovKVX5rk8","node":{"__id__":1}}],"_prefab":{"__type__":"cc.PrefabInfo","root":{"__id__":1},"asset":{"__uuid__":"621VrzuqZGm73lTWreKaOr"},"fileId":"a4G+qsZA9N+4xfrOueegi7"},"_contentSize":{"__type__":"cc.Size","width":75,"height":75},"_position":{"__type__":"cc.Vec2","x":-154}}],{"__type__":"cc.SpriteFrame","content":{"name":"img_31","texture":"d6p6lrwD1BuIuA9VSZP9JY","rect":[0,0,75,83],"offset":[0,0],"originalSize":[75,83]}}]