[{"__type__":"cc.SpriteFrame","content":{"name":"vs","texture":"85aDnPX7pB6LkM7n2toeG1","rect":[0,0,84,52],"offset":[0,0],"originalSize":[84,52]}},{"__type__":"cc.SpriteFrame","content":{"name":"play-user1","texture":"c2H/AREwtBM7tGdfsBeVzm","rect":[0,0,187,187],"offset":[0,0],"originalSize":[187,187]}},[{"__type__":"cc.Prefab","_name":"uiMatching1v1","data":{"__id__":1},"asyncLoadAssets":null},{"__type__":"cc.Node","_name":"uiMatching1v1","_children":[{"__id__":2},{"__id__":3},{"__id__":4},{"__id__":5},{"__id__":11},{"__id__":17},{"__id__":18}],"_components":[{"__type__":"3a859QUfedBCLYVA5NV2KCp","node":{"__id__":1},"playerIcons":[{"__id__":5},{"__id__":11}]}],"_prefab":{"__type__":"cc.PrefabInfo","root":{"__id__":1},"asset":{"__uuid__":"2e55gL6F9FMYS1WZGzvenx"},"fileId":"aeHbZvxfVNJYbgMd5m3Yqv"}},{"__type__":"cc.Node","_name":"play-bg","_parent":{"__id__":1},"_components":[{"__type__":"cc.Sprite","node":{"__id__":2}}],"_prefab":{"__type__":"cc.PrefabInfo","root":{"__id__":1},"asset":{"__uuid__":"2e55gL6F9FMYS1WZGzvenx"},"fileId":"bdDUjfEc1FDqFxMAlSVo98"},"_contentSize":{"__type__":"cc.Size","width":1334,"height":750}},{"__type__":"cc.Node","_name":"cpm-logo","_parent":{"__id__":1},"_components":[{"__type__":"cc.Sprite","node":{"__id__":3},"_spriteFrame":{"__uuid__":"6ft6jgcoJGjJ1exPzr2pFH"}}],"_prefab":{"__type__":"cc.PrefabInfo","root":{"__id__":1},"asset":{"__uuid__":"2e55gL6F9FMYS1WZGzvenx"},"fileId":"42VmjqRFFBYqboLruyGnYO"},"_contentSize":{"__type__":"cc.Size","width":623,"height":543},"_position":{"__type__":"cc.Vec2","y":29}},{"__type__":"cc.Node","_name":"home-btn5","_parent":{"__id__":1},"_components":[{"__type__":"cc.Sprite","node":{"__id__":4},"_spriteFrame":{"__uuid__":"9dL14loyJETqgbc7RpoO3r"}},{"__type__":"cc.Button","node":{"__id__":4},"transition":1,"_N$target":{"__id__":4}}],"_prefab":{"__type__":"cc.PrefabInfo","root":{"__id__":1},"asset":{"__uuid__":"2e55gL6F9FMYS1WZGzvenx"},"fileId":"ccxHaq7CRNMJL7XUKPNj/s"},"_color":{"__type__":"cc.Color","r":214,"g":214,"b":214},"_contentSize":{"__type__":"cc.Size","width":260,"height":70},"_position":{"__type__":"cc.Vec2","y":-289}},{"__type__":"cc.Node","_name":"key_playerIcon1","_parent":{"__id__":1},"_children":[{"__id__":6},{"__id__":7},{"__id__":10}],"_components":[{"__type__":"7c5b0PM5GxL454wtQ2uJEdQ","node":{"__id__":5},"playerSprite":{"__id__":9}}],"_prefab":{"__type__":"cc.PrefabInfo","root":{"__id__":1},"asset":{"__uuid__":"2e55gL6F9FMYS1WZGzvenx"},"fileId":"38c7Fr47JMLqVdqbPicn6p"},"_contentSize":{"__type__":"cc.Size","width":100},"_position":{"__type__":"cc.Vec2","x":-186,"y":-71}},{"__type__":"cc.Node","_name":"play-user2","_parent":{"__id__":5},"_components":[{"__type__":"cc.Sprite","node":{"__id__":6},"_spriteFrame":{"__uuid__":"e8YY3I97JKbboWOiGyDWPg"}}],"_prefab":{"__type__":"cc.PrefabInfo","root":{"__id__":1},"asset":{"__uuid__":"2e55gL6F9FMYS1WZGzvenx"},"fileId":"ecPHfxOABH5ZE2EZYOo3WU"},"_contentSize":{"__type__":"cc.Size","width":190,"height":190},"_position":{"__type__":"cc.Vec2","x":6,"y":9}},{"__type__":"cc.Node","_name":"mask","_parent":{"__id__":5},"_children":[{"__id__":8}],"_components":[{"__type__":"cc.Mask","node":{"__id__":7},"_type":1}],"_prefab":{"__type__":"cc.PrefabInfo","root":{"__id__":1},"asset":{"__uuid__":"2e55gL6F9FMYS1WZGzvenx"},"fileId":"dd0wl4TJhBUrwttUBhkGb5"},"_contentSize":{"__type__":"cc.Size","width":175,"height":175}},{"__type__":"cc.Node","_name":"def-use","_parent":{"__id__":7},"_components":[{"__id__":9}],"_prefab":{"__type__":"cc.PrefabInfo","root":{"__id__":1},"asset":{"__uuid__":"2e55gL6F9FMYS1WZGzvenx"},"fileId":"853pnqOI1Fxr43Fo2YZ4yV"},"_contentSize":{"__type__":"cc.Size","width":170,"height":170},"_position":{"__type__":"cc.Vec2","x":5,"y":9}},{"__type__":"cc.Sprite","node":{"__id__":8},"_spriteFrame":{"__uuid__":"8budMyT15FULZJN+/X8JP2"},"_sizeMode":0},{"__type__":"cc.Node","_name":"play-user1","_parent":{"__id__":5},"_components":[{"__type__":"cc.Sprite","node":{"__id__":10},"_spriteFrame":{"__uuid__":"2bktu0pedAur+K4U2LA8v6"}}],"_prefab":{"__type__":"cc.PrefabInfo","root":{"__id__":1},"asset":{"__uuid__":"2e55gL6F9FMYS1WZGzvenx"},"fileId":"568sUPDhZBU6mBdyCG4WBl"},"_contentSize":{"__type__":"cc.Size","width":187,"height":187},"_position":{"__type__":"cc.Vec2","x":5,"y":9}},{"__type__":"cc.Node","_name":"key_playerIcon2","_parent":{"__id__":1},"_children":[{"__id__":12},{"__id__":13},{"__id__":16}],"_components":[{"__type__":"7c5b0PM5GxL454wtQ2uJEdQ","node":{"__id__":11},"playerSprite":{"__id__":15}}],"_prefab":{"__type__":"cc.PrefabInfo","root":{"__id__":1},"asset":{"__uuid__":"2e55gL6F9FMYS1WZGzvenx"},"fileId":"ac8IW4XHRAB7j958jhuv21"},"_contentSize":{"__type__":"cc.Size","width":100},"_position":{"__type__":"cc.Vec2","x":163,"y":-71}},{"__type__":"cc.Node","_name":"play-user2","_parent":{"__id__":11},"_components":[{"__type__":"cc.Sprite","node":{"__id__":12},"_spriteFrame":{"__uuid__":"e8YY3I97JKbboWOiGyDWPg"}}],"_prefab":{"__type__":"cc.PrefabInfo","root":{"__id__":1},"asset":{"__uuid__":"2e55gL6F9FMYS1WZGzvenx"},"fileId":"9aVlyNxsFLhbS564Gbe9Z6"},"_contentSize":{"__type__":"cc.Size","width":190,"height":190},"_position":{"__type__":"cc.Vec2","x":6,"y":9}},{"__type__":"cc.Node","_name":"mask","_parent":{"__id__":11},"_children":[{"__id__":14}],"_components":[{"__type__":"cc.Mask","node":{"__id__":13},"_type":1}],"_prefab":{"__type__":"cc.PrefabInfo","root":{"__id__":1},"asset":{"__uuid__":"2e55gL6F9FMYS1WZGzvenx"},"fileId":"d0TlQUO+5NGKk60K5/q1av"},"_contentSize":{"__type__":"cc.Size","width":175,"height":175}},{"__type__":"cc.Node","_name":"def-use","_parent":{"__id__":13},"_components":[{"__id__":15}],"_prefab":{"__type__":"cc.PrefabInfo","root":{"__id__":1},"asset":{"__uuid__":"2e55gL6F9FMYS1WZGzvenx"},"fileId":"49rZleFI9FuovPGtsbRh2g"},"_contentSize":{"__type__":"cc.Size","width":170,"height":170},"_position":{"__type__":"cc.Vec2","x":5,"y":9}},{"__type__":"cc.Sprite","node":{"__id__":14},"_spriteFrame":{"__uuid__":"8budMyT15FULZJN+/X8JP2"},"_sizeMode":0},{"__type__":"cc.Node","_name":"play-user1","_parent":{"__id__":11},"_components":[{"__type__":"cc.Sprite","node":{"__id__":16},"_spriteFrame":{"__uuid__":"2bktu0pedAur+K4U2LA8v6"}}],"_prefab":{"__type__":"cc.PrefabInfo","root":{"__id__":1},"asset":{"__uuid__":"2e55gL6F9FMYS1WZGzvenx"},"fileId":"89JPBpE6BOvpDsdAck5jK/"},"_contentSize":{"__type__":"cc.Size","width":187,"height":187},"_position":{"__type__":"cc.Vec2","x":5,"y":9}},{"__type__":"cc.Node","_name":"label","_parent":{"__id__":1},"_components":[{"__type__":"cc.Label","node":{"__id__":17},"_useOriginalSize":false,"_N$string":"取消","_N$horizontalAlign":1,"_N$verticalAlign":1}],"_prefab":{"__type__":"cc.PrefabInfo","root":{"__id__":1},"asset":{"__uuid__":"2e55gL6F9FMYS1WZGzvenx"},"fileId":"e5LBREjcpNnLuGSLTg0YrY"},"_contentSize":{"__type__":"cc.Size","width":80,"height":40},"_position":{"__type__":"cc.Vec2","y":-291}},{"__type__":"cc.Node","_name":"vs","_parent":{"__id__":1},"_components":[{"__type__":"cc.Sprite","node":{"__id__":18},"_spriteFrame":{"__uuid__":"23yl/e8upPl5m8kfVzurXj"}}],"_prefab":{"__type__":"cc.PrefabInfo","root":{"__id__":1},"asset":{"__uuid__":"2e55gL6F9FMYS1WZGzvenx"},"fileId":"946niimCpGB5K8BkQn/ZZb"},"_contentSize":{"__type__":"cc.Size","width":84,"height":52},"_position":{"__type__":"cc.Vec2","y":-85}}],{"__type__":"cc.SpriteFrame","content":{"name":"cpm-logo","texture":"25MYgUIdtOFoi62fBaQOiL","rect":[0,0,623,543],"offset":[0,0],"originalSize":[623,543]}},{"__type__":"cc.SpriteFrame","content":{"name":"def-use","texture":"2751KuN5BJXItwhf2iwnex","rect":[0,0,131,131],"offset":[0,0],"originalSize":[131,131]}},{"__type__":"cc.SpriteFrame","content":{"name":"home-btn5","texture":"5dSL89GjdEg6Bi4qNMHpt1","rect":[0,0,260,70],"offset":[0,0],"originalSize":[260,70]}},{"__type__":"cc.SpriteFrame","content":{"name":"play-user2","texture":"c65xWbexZGuYzcGzPHU1iN","rect":[0,0,190,190],"offset":[0,0],"originalSize":[190,190]}}]