[{"__type__":"cc.SpriteFrame","content":{"name":"img_20","texture":"a0FonsG3ZHe763/KocxkgV","rect":[0,0,98,109],"offset":[0,0],"originalSize":[98,109]}},[{"__type__":"cc.Prefab","_name":"rivalBox","data":{"__id__":1}},{"__type__":"cc.Node","_name":"rival","_children":[{"__id__":2}],"_components":[{"__type__":"cc.Sprite","node":{"__id__":1},"_spriteFrame":{"__uuid__":"564f+DY6lETId3EkZfrvRQ"},"_sizeMode":0}],"_prefab":{"__type__":"cc.PrefabInfo","root":{"__id__":1},"asset":{"__id__":0},"fileId":"64PuC0q21IzKQEDYpnKkdc"},"_contentSize":{"__type__":"cc.Size","width":103,"height":103},"_position":{"__type__":"cc.Vec2","x":-164.5,"y":-34.4}},{"__type__":"cc.Node","_name":"box_04","_parent":{"__id__":1},"_components":[{"__type__":"cc.Sprite","node":{"__id__":2},"_spriteFrame":{"__uuid__":"d4GTVpXHBCWKGZWzyxFIlz"},"_sizeMode":0}],"_prefab":{"__type__":"cc.PrefabInfo","root":{"__id__":1},"asset":{"__id__":0},"fileId":"efEigFM5hMQZK/P7Xo9sAt"},"_opacity":200,"_contentSize":{"__type__":"cc.Size","width":75,"height":75}}],{"__type__":"cc.SpriteFrame","content":{"name":"box_04","texture":"b1aFV0pJ5Cwqkq6lm0OzqK","rect":[0,0,75,83],"offset":[0,0],"originalSize":[75,83]}}]